fp_sol,1,2,3,4,5,6,7,8,9,10
e01ab8b006611d8612a81724edcfdc02,0,0,1,0,0,0,0,0,0,0
acb72f1f3b2898b62d6d841f999e5c77,0,0,1,0,0,0,0,0,0,0
914172cd9a4220f4edd2f53ac1c140fe,0,0,0,1,0,0,0,0,0,0
f4f5521d8231f09f5145a06c6e55315f,0,0,0,0,0,0,0,0,0,1
e42f79800a4c6a1bf6fded5cf76c5b5e,0,0,1,0,0,0,0,0,0,0
c373e8c9c600c430ebbc72e0aba07cbf,1,0,0,0,0,0,0,0,0,0
6e820710a056a4949c7ee0ba07bdd629,0,0,1,0,0,0,0,0,0,0
ee686c1134498ebb2157cb061acc2b75,0,0,1,0,0,0,0,0,0,0
5e4961d7c9d36a805b2dff709a2c61cc,0,0,1,0,0,0,0,0,0,0
3da12140af9541c656baa96decdbb670,0,0,1,0,0,0,0,0,0,0
d813e6a1d3f2a9f4978f49c8912ec63b,0,0,1,0,0,0,0,0,0,0
23cdcd6d3e6ea50e02950ca2383949f3,0,0,1,0,0,0,0,0,0,0
6ba169c3d2f761905141e198142ebe97,0,0,0,0,0,0,0,0,0,0
a9a2697e134180944bfa16232a11aaa8,0,0,0,0,0,0,0,1,0,0
a834375dc099e913fc9e7668ac8c1404,0,0,0,1,0,0,0,0,0,0
48a46f62a5ee4383d29c9ac00e406b23,0,0,0,1,0,0,0,0,0,0
6118522e73e0a3476fee31c1401c4c1b,0,0,1,0,0,0,0,0,0,0
6b753e9924eeb7ada8352929dd784d78,0,0,0,0,0,0,0,0,0,0
75a1d4f547c131286f22e2f684e7e2ba,0,0,0,0,0,0,0,1,0,0
41f84b0b8118d03b17aa7d01c6bb4fe1,0,0,1,0,0,0,0,0,0,0
07dfae0441fd39d7c11c113600f30091,0,0,1,0,0,0,0,0,0,0
786f6d65d4d8cd05531d280e4492f592,0,0,1,0,0,0,0,0,0,0
311ff04c37e05a33801f2f03c1b7e26d,0,0,0,0,0,0,0,0,0,0
db4ed99c2e2fcd0c9e14f3b44d134460,0,0,0,0,0,0,0,0,0,0
c6bc7996daf9cf5319935f1ba6def79e,0,0,0,1,0,0,0,0,0,0
b7ab48206bb0a06aeda50deceddbeeca,0,0,1,0,0,0,0,0,0,0
84eed6d15252786519030e276969c245,0,1,0,0,0,0,0,0,0,0
420f1e83aba46adbdbb54457e2063152,0,0,1,0,0,0,0,0,0,0
bceadcc140d54735bb49d5d0af2c7c80,0,0,1,0,0,0,0,0,0,0
9a33d7fc8044fae9e5539a2a02a54636,0,0,1,0,0,0,0,0,0,0
6e906316f0492ecfb598521ff96015fd,0,0,1,0,0,0,0,0,0,0
95af986af2c18b06a6d123fec7147dba,0,0,0,1,0,0,0,0,0,0
9ea743102e6c855d6cbb6f49fd06e6b8,0,0,1,0,0,0,0,0,0,0
6c9ab920b9cdadd878ae8b7096af7d99,0,0,0,0,1,0,0,0,0,0
17186f654d31fa50dc5f33c4eb221a23,0,0,0,1,0,0,0,0,0,0
5999c905982f6359350d2e4032618cdc,1,0,0,0,0,0,0,0,0,0
ca4118c3ab32b2aed6bf817b4bafdee3,0,1,0,0,0,0,0,0,0,0
e0c2386091ac375d74453bbb0eae8394,1,0,0,0,0,0,0,0,0,0
9ce5a7a2ef0c8c83b45196bdd10d3840,0,0,1,0,0,0,0,0,0,0
692b867f51eccbcd595c923fd9fbbff7,0,0,1,0,0,0,0,0,0,0
e96ac06cbc1f57f65cb97d5b9c94ad67,0,0,1,0,0,0,0,0,0,0
1b3486dac06eb803b92f74b3f15e66e5,0,0,1,0,0,0,0,0,0,0
d13fdf3c09cdc6be10c4a23c84872801,0,0,1,0,0,0,0,0,0,0
188ab807816ab491981f51fb9c18ac69,0,0,0,1,0,0,0,0,0,0
4a59c04698042db1d88c51de8ae1e12d,0,0,1,0,0,0,0,0,0,0
f41bfd87983745caa5d3a6fb8fb8f0f2,0,0,0,0,0,0,0,0,0,0
b7b273dcda5b51a458a63217bc707d65,0,0,1,0,0,0,0,0,0,0
ecc174f0c0503ec1b833e6b36c5a2525,0,0,0,1,0,0,0,0,0,0
7dd18fb5fc95fc38b5c7d6442326b074,0,0,1,0,0,0,0,0,0,0
93eeb3f33cca12ca238bb958e8b6a15f,0,0,1,0,0,0,0,0,0,0
b9ae0ce221e3a700bdb751262a4e5aab,1,0,0,0,0,0,0,0,0,0
77f7a4aeb42a2ba25d6b4f38c790d18e,0,0,0,1,0,0,0,0,0,0
1f077783b64869c567cbf82382954b7a,0,0,0,1,0,0,0,0,0,0
1b15a0a530394a1ff5768af418ebfecc,0,0,1,0,0,0,0,0,0,0
79423862b1d3535d13dc4a11e8bb4145,0,0,0,1,0,0,0,0,0,0
f8d239d0de68cced8a4df21d91396edb,0,0,1,0,0,0,0,0,0,0
e43d57a93a3b3c88f95bec0f5070f27b,0,0,0,1,0,0,0,0,0,0
6a42f80b124205bd4d78f997d8db5544,0,0,0,1,0,0,0,0,0,0
f0f27a563953c88c95031b53f4bde0dd,0,0,1,0,0,0,0,0,0,0
0d8fa90a6d3b16bb345153356933a128,0,0,0,1,0,0,0,0,0,0
331f0f3635feb0ea21054662ac82a35b,0,0,1,0,0,0,0,0,0,0
94211808f42e159952c0cad04f38e637,0,0,0,0,0,0,0,0,0,0
21985a992947eae31639ec0add23d5ab,1,0,0,0,0,0,0,0,0,0
e7e3f0903fafd53582326a487b1dfdbf,0,0,0,1,0,0,0,0,0,0
3b11e8a8b98e268d189768525b510d1f,1,0,0,0,0,0,0,0,0,0
d7394b6244995de43d9542b937675520,1,0,0,0,0,0,0,0,0,0
b7467da073c5c80750ad5740fec17c8d,1,0,0,0,0,0,0,0,0,0
b6714bfd830a4ab912d6f9919031c632,0,0,0,1,0,0,0,0,0,0
9a24ad7a4968e769e3d990259f284c4d,1,0,0,0,0,0,0,0,0,0
f8c5b48c550e4b2b594f12daba0a187a,0,0,0,1,0,0,0,0,0,0
dde77fad873fc09aca4825971a6bf4ab,1,0,0,0,0,0,0,0,0,0
3ab6356a5eb2c3c14897fc21ed6ebbcb,1,0,0,0,0,0,0,0,0,0
a8803e8927f33ef1366c3367e5d71926,0,0,0,0,0,0,0,0,0,0
39154ab86b53b8e3a39c30b84b130256,1,0,0,0,0,0,0,0,0,0
b08a61486f04d83f87538f14c3ced71f,0,0,0,1,0,0,0,0,0,0
7f91af178547eb7e7335d5f6c42f6af1,1,0,0,0,0,0,0,0,0,0
6ddcf7e5e762cbd2fb9411dd6c4f5879,0,0,0,0,0,0,0,0,0,0
730f512b4e7a90ffb1776a2edd87101b,0,1,0,0,0,0,0,0,0,0
36403a77c219b87b6a07f292f193def0,0,0,0,0,0,0,0,1,0,0
3a2c9484999ca87c335e8e84801495a7,0,0,0,1,0,0,0,0,0,0
e3e0de127bf5f06f5bf34ef86c63ef4a,0,0,0,0,0,0,0,1,0,0
a952fd44dcf4befc7e95afb3090d9e5d,1,0,0,0,0,0,0,0,0,0
9d024234da3d1e8d51dfc757e20b9d04,1,0,0,0,0,0,0,0,0,0
505345e7fb02a545f62026df5b7ae895,0,0,0,0,0,0,0,0,0,1
d8fde2db7a33dfd514317f4d1be94f63,1,0,0,0,0,0,0,0,0,0
aeb5d235471b1595ebe5cc4edf30647d,0,0,0,1,0,0,0,0,0,0
68f13a52f8cf87ea0cb8d5d94ca1ca9b,0,0,0,0,1,0,0,0,0,0
91a61edc3f95d893a95cc83f31e2c85f,0,1,0,0,0,0,0,0,0,0
9c585d2c5fe2448d1903691fc68ce565,0,0,0,1,0,0,0,0,0,0
900eb56c1dc83e67fa00d073eb180fea,1,0,0,0,0,0,0,0,0,0
1ff0e80d13c4b745b35c863a71f92e50,0,1,0,0,0,0,0,0,0,0
2053861ae254da764cc355c599c738fb,0,0,0,0,0,0,0,0,0,0
6708df2cb52036997e3d6e3dca966109,0,0,0,1,0,0,0,0,0,0
1911c4c3b3a9a2814a7b7a52f1de6008,1,0,0,0,0,0,0,0,0,0
c3c24082822b14b25b98fa36f3d48677,1,0,0,0,0,0,0,0,0,0
bfde15c487502cceddb4c4778e3e6ec7,0,0,0,0,0,0,0,0,0,1
285cfbf16564f663dc5c45587896ac9b,1,0,0,0,0,0,0,0,0,0
03d0baf5a3e31dda5d1efe05d40658d8,0,0,0,0,0,0,0,0,0,1
f1ea473a82f71ea6451d3e101175ffa8,0,0,0,1,0,0,0,0,0,0
b8fe1ff0ab2c71f9603024595e45a431,0,0,0,0,0,0,0,0,0,0
1ce0fc02d1818d9abede82a0d7a27e4b,0,0,0,1,0,0,0,0,0,0
a2dff7010491759e2c1f399deb139cd4,1,0,0,0,0,0,0,0,0,0
df10621383b581bfcba0b0ba59b5968f,0,0,0,0,1,0,0,0,0,0
0345fd45c66b19acd3d1ea62659fe7c6,0,0,0,0,0,0,0,0,0,0
9253c4923698d75e40cf4d12f7904106,0,0,0,1,0,0,0,0,0,0
6663c325676a319e17e7376e58fb4157,1,0,0,0,0,0,0,0,0,0
a643d34bfd7cff34c3eb49200efc0206,0,0,0,0,0,0,0,0,0,1
b0943049dac6770c1fb794cfe1e570ba,0,0,0,1,0,0,0,0,0,0
c93667344fa502cc7166f77c5edbfecc,0,0,0,1,0,0,0,0,0,0
c155eecdc6d42d9427b489da45d75627,1,0,0,0,0,0,0,0,0,0
b0f60b7bb340548ad9dbf64f74a62546,0,0,0,1,0,0,0,0,0,0
d8c55cf489dc15c17fcb741619f212a7,1,0,0,0,0,0,0,0,0,0
5d96130efb28b2af2d3b5c576ed7ca25,0,0,0,1,0,0,0,0,0,0
6e969d0f83987634a95f1fe68df3374e,0,0,0,1,0,0,0,0,0,0
a696db482f880685400450a308ac49c7,1,0,0,0,0,0,0,0,0,0
59f084f924733e006acde4cee4656330,1,0,0,0,0,0,0,0,0,0
7071554947ea73a4bf62a37c06a8cea4,1,0,0,0,0,0,0,0,0,0
5f769b7bf671c77637d3129ef6439c07,0,0,0,1,0,0,0,0,0,0
dfb5e171d127be05bb85ece327756da5,1,0,0,0,0,0,0,0,0,0
f73768e16680cd9fffd24f529e8a6083,1,0,0,0,0,0,0,0,0,0
a02c9b58f83599f1ad9c63fab6b40381,0,0,0,1,0,0,0,0,0,0
1bcbb73f4dd99f5db6ed785dbed8d178,0,0,0,1,0,0,0,0,0,0
fe4740d612b8a1eb0c448692fd3b058d,0,0,0,0,0,0,0,0,0,0
2a61232ba6dada64acfc1cea889e1489,0,0,0,0,0,0,0,0,0,0
fc2b88d194347a48a9f16fd4adebace9,1,0,0,0,0,0,0,0,0,0
5ce2c119b41d041966e8dfc7411075fc,0,0,0,0,0,0,0,0,0,0
6a08c4751470fa5406cf416acf404220,0,0,0,0,0,1,0,0,0,0
8a10228deb803c30587f986cd76a4506,0,0,0,0,0,0,0,1,0,0
b5d33826cf079ca957913c2e96f88ca7,0,0,0,1,0,0,0,0,0,0
45a7580871f0ad7885cb9cda6b703a82,0,0,0,1,0,0,0,0,0,0
cae8328b3655792d4869b75f04a56804,0,0,0,0,0,0,0,0,0,0
0e7d44697efe5ffbd4a6888f9254516c,0,0,0,0,0,0,0,0,0,1
4e20de62cef6ee9903473fd879151107,0,0,0,1,0,0,0,0,0,0
89769572e52e5ae1fd945edd1ff81461,1,0,0,0,0,0,0,0,0,0
efd7ece9d97357eee3ee7bd746b1c858,0,0,0,1,0,0,0,0,0,0
cf25cfeec2c994df5c0da571fdc57328,0,1,0,0,0,0,0,0,0,0
4c2765900748e57527062df0f52b9ee1,0,0,0,1,0,0,0,0,0,0
c95eab7cb390c02c35b58527b2853485,1,0,0,0,0,0,0,0,0,0
95c4f52086e477c0f2334931a267301d,1,0,0,0,0,0,0,0,0,0
ff697b9d3d3c7ced362be9845734ac99,0,0,0,1,0,0,0,0,0,0
7c54aeadae8d760ba1291576cb5b772a,0,0,0,1,0,0,0,0,0,0
9e03e9536734eb9fb39623f5c5a2956e,1,0,0,0,0,0,0,0,0,0
48118c2b5ab26f5b2aab1b59352547b4,0,0,0,1,0,0,0,0,0,0
327d0766e93e7ebb7ac491447f7d720b,1,0,0,0,0,0,0,0,0,0
9e60d542b54aa9ae929337976d91d690,0,0,0,0,0,0,0,0,0,1
a972f8fb1fe8d854b46bd92c83f1df55,0,0,0,1,0,0,0,0,0,0
fc452aea74e07d208d2fb519861d9453,0,0,0,0,0,0,0,0,0,0
060542382a402916ceb3e1bf03cde783,0,0,0,1,0,0,0,0,0,0
2d516f3e19729be9001860c518474022,0,0,0,0,1,0,0,0,0,0
570b1a96f27b35bde1e620a40fba0095,1,0,0,0,0,0,0,0,0,0
5436a080bd0e6bb074c165d6d7b8cba4,0,0,0,0,0,0,0,0,0,1
17e45be609e81cb9ee2903336517ba4a,0,0,0,1,0,0,0,0,0,0
1e5b9e324fd9066b6f39c70806045141,1,0,0,0,0,0,0,0,0,0
76d397cfc254cc18e83fe06dbbca1f2f,0,0,0,1,0,0,0,0,0,0
64a4eb4ded65b90d989f9647eba6723b,1,0,0,0,0,0,0,0,0,0
5f3a59643ab181bc0e7a14b0ac1988d3,1,0,0,0,0,0,0,0,0,0
88c321d773681d01fa3900117fe3a54a,0,0,0,1,0,0,0,0,0,0
6e6653bd9f7cff001d9299f5223dc4fe,1,0,0,0,0,0,0,0,0,0
3de769c437cc414f28f0e02f78594a35,1,0,0,0,0,0,0,0,0,0
74e28c126192caa488f28fd004dcc94a,0,0,0,0,0,0,0,0,0,0
32e4857e9226cfd10b25785bf4129234,0,0,0,0,0,0,0,0,0,1
2ef5c829e796b8cd723a49c55dccb39f,1,0,0,0,0,0,0,0,0,0
149203d00c4bb5664dda100d6eb2db6b,1,0,0,0,0,0,0,0,0,0
711b1efdaa7f1fe246879c249a83a0e7,0,0,0,1,0,0,0,0,0,0
50ad1d12b96bf8a745bd022e4923d61e,0,1,0,0,0,0,0,0,0,0
735483d61ed5b9d9aa9e31ef8567c988,1,0,0,0,0,0,0,0,0,0
4198b0cc758eb6af1b8bedbd4ed4253e,0,0,0,0,1,0,0,0,0,0
2f28752fa3c4e3299b71fb526f3e418a,0,1,0,0,0,0,0,0,0,0
b573dbf75be1f453678ff395fed3e2bb,0,1,0,0,0,0,0,0,0,0
21b8fffcb1c94110a9972715bd0448ec,0,1,0,0,0,0,0,0,0,0
a0d5800d355f5ddf9996def49b835809,0,0,0,1,0,0,0,0,0,0
cd5d4b64f56290e306066f132b76be86,1,0,0,0,0,0,0,0,0,0
cfd0c3461a7ba813b8ca80c6571d969a,1,0,0,0,0,0,0,0,0,0
7af9d31dd83638da9a8d194c4dacd148,1,0,0,0,0,0,0,0,0,0
f0765707dffab55d365be3234f36686e,0,0,0,0,1,0,0,0,0,0
848a7e81e4abbbf0ef0a783f6e73f246,0,0,0,0,0,0,0,0,0,0
51c7ce3370b12d978e9191bc04154abb,0,0,0,0,0,0,0,0,0,0
1c75347da7163c0e38239167e91113fb,0,0,0,1,0,0,0,0,0,0
0ddd1c046d2a572672c87f87e287a176,1,0,0,0,0,0,0,0,0,0
8b230929091f012b2f685f913463765c,0,1,0,0,0,0,0,0,0,0
4060560a9da63d25233ef2d24076e983,1,0,0,0,0,0,0,0,0,0
82a95267f482b47b5df9f2afc4fa1130,1,0,0,0,0,0,0,0,0,0
9cd90eabda9b6628fe157db2bd97cfd3,1,0,0,0,0,0,0,0,0,0
9ccedd24a5af6b4f8fee3633eb19230d,0,1,0,0,0,0,0,0,0,0
6cdea8a472db0934dc539f8871e09043,0,0,0,0,0,0,1,0,0,0
d8ceb5a3c196aa91cc3d5b9af9994808,0,0,0,0,0,0,1,0,0,0
06e98fd1a644fe1e46ff58974127a1bb,0,0,0,0,0,0,1,0,0,0
b58deeaaab717523d47985c4d1561f63,0,0,0,0,0,0,0,0,0,0
a56e554f70f96e666567541530fe4e8c,0,1,0,0,0,0,0,0,0,0
2f3b02206937b810c0f09f7264f54235,0,0,0,0,0,0,0,0,0,0
fea63b3902cc67b80563b0dcc7e46689,0,1,0,0,0,0,0,0,0,0
cb3bc4b930a98627b90df11e69bc5ce4,0,0,0,0,0,0,1,0,0,0
aa5aab54dabc58741db51328edd8fc10,0,0,0,0,0,0,1,0,0,0
17b002d621d0adb10714b85f9514369d,0,1,0,0,0,0,0,0,0,0
d71cb2f717636377740436673d1dcc9b,0,0,0,0,0,0,0,0,0,0
081234acd7c565a6692e5ecd767fa464,0,0,0,0,0,0,1,0,0,0
4a4837d1c628fae97c22d8bb39b40fbd,0,0,0,0,0,0,0,0,0,0
971deacac2af530ca4d35deac57306b1,0,1,0,0,0,0,0,0,0,0
770b07a7de09c7d668c973eeb1a17aaa,0,1,0,0,0,0,0,0,0,0
68274dd0420f2a50c800c48696c56aee,0,0,0,0,0,0,1,0,0,0
625e0ae619014280b489f215b8beef48,0,0,0,0,0,0,0,0,0,0
98a6aaebae6d769ed139c7f6f790b474,0,1,0,0,0,0,0,0,0,0
2bf6f5458ef5ebdb9e89b2b723ba2e47,0,0,0,0,0,0,1,0,0,0
f063cdc48d1d12f580289e9954daa976,0,0,0,0,0,0,0,0,0,0
d3090b7973f19569d439c7b89a70edb2,0,0,0,1,0,0,0,0,0,0
742c15513200feb9973f9d317cc09ffe,0,1,0,0,0,0,0,0,0,0
4b24b03ac448d5a256ace0100f735714,0,0,0,0,0,0,1,0,0,0
53844e55fbaa3f5af497297a11c3ca29,0,0,0,0,0,0,0,0,0,0
a5b655d066fc8e2a560fd8a47e64a759,0,0,0,1,0,0,0,0,0,0
c206245d6caa7135bccfbab9f4404d23,0,0,0,0,0,0,1,0,0,0
0761a37c97dccdc9d7f9d036e8588207,0,0,0,0,0,0,1,0,0,0
844793d78cdf0dc4b986468b38bd8054,0,0,0,0,0,0,1,0,0,0
ecb01576c9b028c5be086804a41ced45,0,0,0,0,0,0,1,0,0,0
92cf79d9b486c810a1f9b5cbd3d9da70,0,1,0,0,0,0,0,0,0,0
db01c424e00222bde509d610d660670e,0,0,0,1,0,0,0,0,0,0
f5894112150c91e93db6c06ac0410e03,0,1,0,0,0,0,0,0,0,0
3dadeb7e3c9cea9329b1491b884c0f19,0,0,0,0,0,0,1,0,0,0
9cb333ca5facce27e4580220e357f56b,0,0,0,0,0,0,1,0,0,0
3429415407626a1246b53444471dd625,0,0,0,0,0,0,0,0,0,0
e2117027860c722f6a93dc1d0f780e09,0,0,0,0,0,0,1,0,0,0
9c2315144520b52918c1ea16c4895f51,0,0,0,0,0,0,0,0,0,0
32bcfb9e179885981f5723508c10f1b1,0,0,0,0,0,0,0,0,0,0
9c4fa04924122354888396aac1cafade,0,0,0,0,0,0,1,0,0,0
7ce26a0b3a9e1dbe11700936495160a4,0,0,0,0,0,0,1,0,0,0
5734a4453bb917eb504f91c9686d73e2,0,0,0,0,0,0,0,0,0,0
e086ab2c488d7f2249f72fb0483ee475,0,0,0,0,0,0,1,0,0,0
937fce5301f17228271e13f48fc9ac89,0,0,0,0,0,0,0,0,0,0
b034f1c33a31e7874066edd7833b5320,0,0,0,0,0,0,0,0,0,0
2e87c75a4e684b7d6d9c090e07f3af43,0,0,0,0,0,0,0,0,0,0
87ff811a19938ccecda11f4bf378cd5c,0,0,0,0,0,0,0,0,0,0
fc315b19f0d4629032969dae3a4fa14b,0,0,0,0,0,0,0,0,0,0
f5f3ada03ff33a21fc3076639a98db7b,0,1,0,0,0,0,0,0,0,0
cff913efd1c50e4cdc2fe73cd7b49970,0,0,0,0,0,0,1,0,0,0
ff95df5ccdc02f17b277f85d2de38098,0,0,0,1,0,0,0,0,0,0
ec3daf7826176e1719af886afdc202fd,0,0,0,0,0,0,0,0,0,1
6e7607cdf8963091a078d0d5b37d1421,0,0,0,0,0,0,1,0,0,0
f6f5761390b70487e0c83a40e75ac9df,0,0,0,0,0,0,1,0,0,0
b85717bcac15ccc2af8357c1f523838d,0,0,0,0,0,0,1,0,0,0
c32d761855f0c46fd555357d55d2ecf8,0,0,0,0,0,0,1,0,0,0
4610d6a3dd35306cb526d351b7ed1dd6,0,0,0,0,0,0,1,0,0,0
882a21aa1d44151b11139ef0c0c887ab,0,0,0,0,1,0,0,0,0,0
b5166d209f43c33796555e744540014c,0,0,0,1,0,0,0,0,0,0
25da2b1b1e77bba58cf234eac71ad996,0,0,0,0,1,0,0,0,0,0
2facec13a0d4bfd480faf725405cbcfe,0,0,0,0,0,0,1,0,0,0
acfa6cdc59e4a9be916229bfe9df007c,0,0,0,0,0,0,1,0,0,0
c0a55122072a2af24cff4ed6f967efa4,0,0,0,0,0,0,1,0,0,0
df3d8eee9617b1c68bb8c38e3d6fb568,0,1,0,0,0,0,0,0,0,0
51118a00c4fbf06d8cad50ec7ae50046,0,0,0,0,0,0,1,0,0,0
8e15801d52711194623836be1d326a17,0,0,0,1,0,0,0,0,0,0
71223e893a8419dbc61a3f95cd9de5ad,0,0,0,0,0,0,1,0,0,0
7063148d2dc1aede5e8ce5dce4316cdd,0,0,0,1,0,0,0,0,0,0
2df19a9e14258e4ccd927da453faca58,0,0,0,0,1,0,0,0,0,0
df422d23c78c887b61c9c8756264f3f3,0,0,0,0,0,0,0,0,0,0
6cb8409b6c9e9271ee3264a63dafc311,0,0,0,0,0,0,1,0,0,0
605a12dad3eef98324bdf7934fe8a4f8,0,0,0,0,0,0,1,0,0,0
8ce8ef620c3c45c764425963c12558d2,0,0,0,0,0,0,1,0,0,0
24c612cdf8860794850d30294478465f,0,0,0,0,1,0,0,0,0,0
b79acb07be86c013a5a860ed1f3df20e,0,0,0,0,0,0,1,0,0,0
28afc25008117ec6a81234555124049e,0,0,0,0,0,0,1,0,0,0
b57aabdb7a5548fa958ded58681753e0,0,0,0,0,0,0,0,0,0,0
d45c20e18623a8cf87ebb0d30506d420,0,0,0,0,0,0,0,0,0,1
f8d0485a3e66fecddc7d0121314e05e0,0,0,0,0,0,0,1,0,0,0
43b3a5495b7c935c55cc97f0d62111b5,0,0,0,0,0,0,1,0,0,0
ba2c65a3529f067ab9a620fdfd49e889,0,0,0,0,0,0,1,0,0,0
fa4e06a8d9de5f2273b4da41d83017b6,0,1,0,0,0,0,0,0,0,0
246cda85b71ea82251323cce2809dbe3,0,0,0,1,0,0,0,0,0,0
20e59e5e3c572f2ca9615794ce9420af,0,0,0,0,0,0,1,0,0,0
ab9c2681eb4aa3c242c82fe2da9b938c,0,0,0,0,0,0,1,0,0,0
4b764a6ddfa7867814b99051364679d5,0,0,0,0,0,0,1,0,0,0
f643dbc3bfb94b20c1b275ca79c8646e,0,0,0,0,0,0,0,0,0,0
683c888b9be160f85a44380779952931,0,0,0,0,0,0,0,0,0,0
fa95365ad70e58e4fc681ec533bc3d72,0,1,0,0,0,0,0,0,0,0
f405291c759364a521641cee4b2020fd,0,0,0,0,0,0,1,0,0,0
2b43ed6272900ff57bdf55da0d054ebf,0,0,0,0,0,0,1,0,0,0
1bd057d453253eb65727796e2634a5a0,0,1,0,0,0,0,0,0,0,0
9b4463aab14b1a17e23c21ff9634819f,0,0,0,0,0,0,0,0,0,0
3ec58b50218ca4edd662d9a2143eedbc,0,0,0,0,0,0,1,0,0,0
3154c61c2a42e95aa1ca74a63505f8f2,0,0,0,0,0,0,1,0,0,0
86be690ed3a12807dbbcd28fbc7d75ad,0,1,0,0,0,0,0,0,0,0
c2b1bcb2fd86143a07872d286e7551d1,0,0,0,0,0,0,1,0,0,0
54dfb393344c462d17b72a47ced70b19,0,0,0,0,0,0,1,0,0,0
8741cffb5d6e4460bda77cf0b8bfaa23,0,1,0,0,0,0,0,0,0,0
7bebb71ff57f3d4ce138b59ded90501e,0,0,0,0,0,0,0,0,0,0
f1db9af25421b428e67ac0e456af91d8,0,0,0,0,0,0,0,0,0,0
a0bcbd45efed6f24f48ff9bd7c2994b2,0,0,0,1,0,0,0,0,0,0
6be598f09a0e93dc82035710ef495e1f,0,0,0,0,0,0,1,0,0,0
f9d512951971f39f93ab2906babb9a6e,0,0,0,1,0,0,0,0,0,0
76316d24f4f4733bceaeec609a9a7381,0,1,0,0,0,0,0,0,0,0
68bdd5a3cd8dc7afa31e318cf67e1fbd,0,0,0,1,0,0,0,0,0,0
bac37773ed7fc5b30ac7b57874456124,0,0,0,0,0,0,1,0,0,0
69e71942685a78cfa490692eb5706150,0,1,0,0,0,0,0,0,0,0
7356756e1cc8743173dd25420cfb2993,0,0,0,0,0,0,0,0,0,0
55cb97887cddcc527ef45c3e3053f550,0,0,0,0,0,0,0,0,0,0
7c4f6b98c76ade4d81f02cec242a2d1a,0,1,0,0,0,0,0,0,0,0
06c72a09a66dc22c9898ab9ca5cdaae9,0,1,0,0,0,0,0,0,0,0
926954db34f2d719cc012f2e96922056,0,0,0,0,0,0,1,0,0,0
319642dfcda3ff8b8d46c4eb6dd207ad,0,1,0,0,0,0,0,0,0,0
e2dda0c9e522b33850e617d356b85d16,0,0,0,1,0,0,0,0,0,0
1d89df53144c08b845b4fc9facfe34ef,0,1,0,0,0,0,0,0,0,0
b7bd4ae865662908993f5895ef5e113f,0,0,0,0,0,0,0,0,0,0
7850615f130d45c454a41adab0839920,0,0,0,1,0,0,0,0,0,0
b01cef0ea59256ae16256201636213dd,0,1,0,0,0,0,0,0,0,0
eea2bcc967b723b1b073baf1b6f6c78a,0,1,0,0,0,0,0,0,0,0
ea096063d63d26cc1cccfb57d4814bf9,0,0,0,1,0,0,0,0,0,0
e56035bd20f238cb9c51827929568f6b,0,0,0,0,0,0,0,1,0,0
c3e8accae894031973612246f30e22e0,0,0,0,1,0,0,0,0,0,0
371935dbe8b36030c74ed8a5499be75a,0,0,0,1,0,0,0,0,0,0
6ecd155721fbaf6bb1d37261a16028b5,0,0,0,0,0,0,0,1,0,0
a0fa497167ef340db53687536ba2ef6c,0,0,0,0,0,0,0,1,0,0
c6b8e96318dcdae39397fab04d3f8311,0,0,0,1,0,0,0,0,0,0
f7b9c311f155b5ce7ff162bb6ccd7d82,0,0,0,0,0,0,0,1,0,0
35772953c0bbc2bb7d9be48050c7fc87,0,0,0,0,0,0,0,1,0,0
7fa2835457a05ecd631c5d23a48deabd,0,0,0,0,0,0,0,0,0,0
6f18a424c9315bce4bc9cbe0701afcb5,0,0,0,1,0,0,0,0,0,0
d8ac5210061a3934cc9719e6a7767871,0,0,0,0,0,0,0,1,0,0
fadb197a67f888e905854b7ead2331a1,0,0,0,0,0,0,0,1,0,0
86b74ca754fe81a08555649dff7e67e7,0,0,0,0,0,0,1,0,0,0
f04749c83261ae0dcba99d1590d42136,0,1,0,0,0,0,0,0,0,0
7c768acd1a6aaceeb2608de8d68bdc9e,0,0,0,1,0,0,0,0,0,0
eb98fd734701d6fbd6a0f61b3423030e,0,0,0,0,0,0,0,1,0,0
8096e68d25d119fccd73b19cb22a7e8f,0,0,0,0,0,0,0,1,0,0
512452623f798d3e6d048296a8c14bbd,0,0,0,1,0,0,0,0,0,0
9f32bbb523e61ee07d3ab9068b17ffaa,0,0,0,0,0,0,0,0,0,0
0d379be1f89da0c9303fb0bf0000422d,0,0,0,0,0,0,0,0,0,0
d9355e7c9a5f06980bc4f57ff8013e3f,0,0,0,1,0,0,0,0,0,0
a640ca86a040806ad08144fdd13a268e,0,0,0,0,0,0,0,1,0,0
1fbdf5bef07a78ed5671d580eaa96918,0,1,0,0,0,0,0,0,0,0
46f4c0ae675e251931dfa2ee6556b035,0,0,0,0,0,0,0,1,0,0
4266c5a3f41b2a73c93050bbec1db7a5,0,1,0,0,0,0,0,0,0,0
83b71e57d597fe7145e112a2504e4963,0,1,0,0,0,0,0,0,0,0
25ecaf43663af0ab0868ad0cb3d8e6f9,0,0,0,0,0,0,0,1,0,0
98e3701be8a33b1a83c248e2cb7bee36,0,0,0,0,0,0,0,1,0,0
8dcee0422cc41adfd99e6386982a8df1,0,0,0,1,0,0,0,0,0,0
0dbc325aa6f6923e3a4a925e3830c38a,0,0,0,0,0,0,0,1,0,0
bc4766ad8fa85552be66a94d3e21c639,0,1,0,0,0,0,0,0,0,0
fbd7c25f827cacfe7fc9c532ce23e962,0,0,0,0,0,0,0,1,0,0
57126087edbd693976ca7cf99db8dbfd,0,0,0,0,0,0,0,1,0,0
f6747631153a17dc01dc6606f7284f6b,0,0,0,0,0,0,0,0,0,0
851392988cfb2229e96fb244ef2de5b1,0,0,0,0,0,0,0,0,0,0
1277006e5ed70091eab8a8371950f2d1,0,1,0,0,0,0,0,0,0,0
2852538c6e5131cc5fcc9ac58a74e5cf,0,0,0,1,0,0,0,0,0,0
73f8c19a1c36b10c33493b08e6807053,0,0,0,1,0,0,0,0,0,0
36894fdeed07633393fffdf5fb01b89b,0,0,0,0,0,0,0,1,0,0
d54d9d7b61cef6e1d8b15fc785b106be,0,0,0,1,0,0,0,0,0,0
ba398b0756615ac6deb5f6b75e166043,0,0,0,0,0,0,0,1,0,0
af9e16b307ac68a75910a123c24fdb75,0,0,0,1,0,0,0,0,0,0
e4656d8f10a5942639965e61629f320a,0,0,0,0,0,0,0,1,0,0
7596d00bca4f306dbb95eb75fcecf0f5,0,0,0,0,0,0,0,0,0,0
cd456e25f831bd62a20244dc3835aaa1,0,0,0,0,0,0,0,1,0,0
526bb275d8a973307fcfeed06f88643f,0,0,0,0,0,0,0,0,0,1
84dd18c7db72bd8d5a4f284d73c5c343,0,0,0,1,0,0,0,0,0,0
78c77d038abdb62fcf47689f475c6104,0,0,0,0,0,0,0,1,0,0
b9278412bff790d789cfa453108f4e10,0,0,0,1,0,0,0,0,0,0
22ac04e7328e9ef0e4eef6cb20f7ce20,0,0,0,1,0,0,0,0,0,0
42a336f711ffdee5c587e230f9716a0b,0,1,0,0,0,0,0,0,0,0
62c14d82b7a42fd5f5cca955743fffc7,0,0,0,1,0,0,0,0,0,0
47bab21aae069ecd13c52ba646456f39,0,0,0,1,0,0,0,0,0,0
45b479d7803e9201ba5ca8dfb65e78bc,0,0,0,0,0,0,0,0,0,1
dfbfe24fb3acc23c2430ae3919e5bc31,0,1,0,0,0,0,0,0,0,0
c7ddafd6b4e97eef724606d4d0734680,0,0,0,1,0,0,0,0,0,0
0b15062b3b1ad7158064ee8a49e9aea5,0,0,0,0,0,0,0,0,0,0
8b2450b8ebcddaa8b0514caaa289d554,0,0,0,1,0,0,0,0,0,0
a1990e2aea0df4c1ccc89e8b599f1de7,0,1,0,0,0,0,0,0,0,0
a3fa83901db097795b05ac7392f08b91,0,0,0,1,0,0,0,0,0,0
4f0ca43c1a21b93e19cb058ce8ff6397,0,0,0,1,0,0,0,0,0,0
170efd3c08dd99667ce0bafd8e9ef6e3,0,0,0,0,0,0,0,1,0,0
409cb8dd440df2cf7e3c0520444871dd,0,0,0,0,0,0,0,1,0,0
1cf153af08c7cae772599957cbc3b779,0,0,0,0,0,0,0,0,0,0
eadd1dec2e8e88794da13cef9775a37a,0,1,0,0,0,0,0,0,0,0
fbcbee18243c2cc098af9facd2236fee,0,1,0,0,0,0,0,0,0,0
d4cc986289fea5a415196e8f598143db,0,0,0,1,0,0,0,0,0,0
e16849d8ef91427828b96880539f2f0b,0,0,0,0,0,0,0,1,0,0
e1d0af6b9277b8e398437f0d1b6cfb41,0,1,0,0,0,0,0,0,0,0
0b6b4b6801e2923eefbab61b93adf5ee,0,0,0,0,0,0,0,0,0,0
962aa4916051cb8bfb4c2536b1dc7759,0,1,0,0,0,0,0,0,0,0
da7f84fece7ffcf99fa8fe110b780736,0,0,0,0,0,0,0,0,0,1
8e5e2324dab1e86771e32db702221e8d,0,0,0,1,0,0,0,0,0,0
677d5c30695e47f5f39e18aafd26086b,0,0,0,0,0,0,0,1,0,0
c43e84e2949f1f374bee86a12b7699f7,0,0,0,1,0,0,0,0,0,0
f6734f638e53f58f91263252d5471c3c,0,0,0,0,0,0,0,1,0,0
969a3b0eda87cb381e7e7b184cebf6d5,0,0,0,0,0,0,0,0,0,0
8473e4c2b1b321bb3d94a594b8a4ca3a,0,0,0,0,0,0,0,0,0,0
4ba742ea146ccabe52097cf7bfa3452e,0,0,0,0,0,0,0,0,0,0
254b01ed37a09e85ceddd48aa6ff12ff,0,0,0,0,0,0,0,1,0,0
5b352add28afe6ea49f1fda92884f873,0,0,0,1,0,0,0,0,0,0
7cd5bbd1b49dbd303d54d946e462b43b,0,0,0,0,0,0,0,0,0,0
3cf41c302d0dae3f2190abcd7d832f0a,0,0,0,0,0,0,0,1,0,0
7e429988e4b6bebb71b63aa21a182a9c,0,1,0,0,0,0,0,0,0,0
ba018e49d0d07a3cd716a67d3e6de000,0,0,0,0,0,0,0,0,0,0
5f885802b7da35fef0c396252310a653,0,1,0,0,0,0,0,0,0,0
cb01d4e260c5a26df17ff348a50e6d3e,0,0,0,1,0,0,0,0,0,0
6365ced6cd4da98ecc8235551b01c1b9,0,0,0,1,0,0,0,0,0,0
617fb6c2d53e5623d63f99059bcfc673,0,1,0,0,0,0,0,0,0,0
a696d412e415e513d624a03221018d60,0,0,0,0,0,0,0,1,0,0
a977641d9816726f0a3d66502adeff48,0,0,0,0,0,0,0,1,0,0
baae7a4f6f926a66407b30e31c8f9323,0,0,0,0,0,0,0,0,0,0
419b13b30f0a964ccf24286985c56031,0,0,0,0,0,0,0,1,0,0
a3a7cfb4593ae9ba54c03ba0f52dee06,0,0,0,1,0,0,0,0,0,0
99f17161c349ab10ad15a424d38171df,0,0,0,0,0,0,0,0,0,0
796130bea0e92bd03923f7c797983c39,0,0,0,1,0,0,0,0,0,0
4190feb5d4ce14bf8539d05bb5082aee,0,0,0,0,0,0,0,1,0,0
efcc82e36c50ae63d987f95515d36a25,0,1,0,0,0,0,0,0,0,0
b4551d6736518b790e50538c256f528c,0,1,0,0,0,0,0,0,0,0
77fb80952ec24fe138eb40680cf3e345,0,0,0,0,0,0,0,0,0,0
41c6b2adea1bc399854e620d7b2fcfe3,0,0,0,1,0,0,0,0,0,0
2b60355da7cd55540c12bf1e56eb9f54,0,0,0,1,0,0,0,0,0,0
fd440ad61fe8561629c007df15364589,0,0,0,1,0,0,0,0,0,0
240a616e476949c576890ec80badfc2f,0,0,0,0,1,0,0,0,0,0
97b472f0dd37ce52a2cf6328e7fa784a,0,1,0,0,0,0,0,0,0,0
bd8fb94ce68305d53b7cb2378211008b,0,0,0,0,0,0,0,1,0,0
9eea2ea4b8b8ab4c4141caed4f3ddd1a,0,0,0,1,0,0,0,0,0,0
ec576651a1fc20bacd0201358c6c1c38,0,0,0,0,0,0,0,0,0,0
092bef56912fc2d068ff495b84c5981c,0,0,0,0,0,0,0,0,0,1
e23fb1c5fe80a13c5134ae52d9d56e2a,0,0,0,0,0,0,0,1,0,0
0f77d5a3a5121cabb56b39ee1e11aac4,0,0,0,1,0,0,0,0,0,0
91ccd3e999b8b46d20346233a4bf94ee,0,1,0,0,0,0,0,0,0,0
927a28e106342a4bdd27219bec472f6d,0,1,0,0,0,0,0,0,0,0
9b4a04859ba349db092a330bd3eba504,0,0,0,0,0,0,0,0,0,1
3dd7dbcac5b0c287dae3a076a507a0a7,0,0,0,0,0,0,0,0,0,0
3318261750ec0280d9552f795c5cc22e,0,0,0,0,0,0,0,1,0,0
99598190525981ef38d65dc2258eedf2,0,1,0,0,0,0,0,0,0,0
e8377861c645254aa444b6e20425ec43,0,1,0,0,0,0,0,0,0,0
a933e611ec32798deba79b7f3042a040,0,0,0,0,0,0,0,0,0,1
57135c995bd574191e2172bac7baf110,0,0,0,0,0,0,0,1,0,0
2a4a49fa4b5679c8c4252325dd550a01,0,1,0,0,0,0,0,0,0,0
cd6c4a3a8eba34e4dd633dbd3fdf56a4,0,1,0,0,0,0,0,0,0,0
1ca318bb82d5b2a6ebf9b840b5dd7b13,0,0,0,0,0,0,0,0,0,0
ab4ae730bdfd984f7412dcf2334c05c5,0,0,0,0,1,0,0,0,0,0
513fc960972bc7d29aeb3ee6ee5a96b9,0,0,0,0,1,0,0,0,0,0
533b96fbecadb64bb67444b09d63ba79,0,0,0,0,0,0,0,0,0,0
24673a9442923184ce224f682e454f21,0,0,0,0,0,0,0,0,0,0
e86c705eaa1cfb3683460d5ec80a6bc3,0,0,0,0,0,0,0,0,0,0
d8a4543e4d974adbdc407ad9685f8f9e,0,1,0,0,0,0,0,0,0,0
297c1aeb1d053290e8a137889b7d1c81,0,0,0,1,0,0,0,0,0,0
19925cf07a2ade1cf6893df777230fc9,0,1,0,0,0,0,0,0,0,0
f1a5e71017cdec822e403ebcf1d122bf,0,0,0,0,0,0,0,0,0,0
d4c749852c0e406939ed3ab69c12d372,0,0,1,0,0,0,0,0,0,0
7bebeedee880cc4e2942ad723946ee70,0,1,0,0,0,0,0,0,0,0
c3419c7ed38310327f053dc3f3a26638,0,0,0,0,1,0,0,0,0,0
4f6550cc665ea2213fa83452a4c0e37f,0,0,0,0,0,0,0,0,0,0
b19fffc40442b87ff4d36bffff75780f,1,0,0,0,0,0,0,0,0,0
07e178810f331d9443ca152241111e46,0,0,0,0,0,0,0,0,0,0
521629292ab18d062ec49f19e5ab393b,1,0,0,0,0,0,0,0,0,0
db28e55830444f233a728dd236b699f5,0,0,0,1,0,0,0,0,0,0
38827a755c0cd886e447b05dd20aaaf4,0,0,0,0,0,0,0,0,0,0
f2635dfba6c862534c98ef31e2bfea92,0,0,0,1,0,0,0,0,0,0
4f87729005429b2dd44d0a12a82719ca,0,0,0,0,1,0,0,0,0,0
8a49841965d7f5828e0266ef3b2bd72a,0,1,0,0,0,0,0,0,0,0
89f67e1f6917caa4d940865cdf40032c,0,1,0,0,0,0,0,0,0,0
1b08279b5a676f50fc77288e962e7632,0,1,0,0,0,0,0,0,0,0
e33cc523fc940e79b8e656e7b6f1e85c,0,0,0,0,0,0,0,0,0,0
bf2e5b1865590a72d6fc8ddb061091cc,0,0,0,0,0,0,0,0,0,0
1624d9e1c8e1da02b7c60e3ff0c65287,0,0,0,0,0,0,0,0,0,0
05fecfbf66b19b64ef7b468b71052fd5,0,1,0,1,0,0,0,0,0,0
d915085730f97b522e278a4546aa03d1,0,0,0,0,0,0,0,0,0,0
a6b9c5528330be9a9248be80d69e15f7,0,0,0,0,0,0,0,0,0,0
d19fc8c7cad2c32beff998e4d213da7d,0,0,0,0,0,0,0,0,0,0
34a9b32c38da0878f5c3384f285fe391,0,0,0,0,0,0,0,0,0,0
7a1a52c5c2027874be2a4b8386d5535c,0,0,0,0,0,0,0,0,0,0
2a0029ff19a729778094c857f7ae4083,0,0,0,0,0,0,0,0,0,0
b0d6efbafe94b97704438251b25dcfd2,0,0,0,0,0,0,0,0,0,0
324d36b4db60b7014b6941229512da7d,0,0,0,1,0,0,0,0,0,0
0814bc7337c9aea7604bcf1e34602eec,0,0,0,0,0,0,0,0,0,0
837fe9e491d6350b3d5a50b276089cdc,0,0,0,0,0,0,0,0,0,0
c845997a2f576caa71bf1c98d901058e,0,1,0,0,0,0,0,0,0,0
8e0370c2052793e0d08a87eb9e9e680f,0,0,0,0,1,0,0,0,0,0
302accc3b3ac3ea565ee4d0b0fafdbbd,0,0,0,0,0,0,0,0,0,0
e804c36ca855c38c944c8e1091b5254c,0,0,0,0,0,0,0,0,0,0
c75b5b8436f23ee7f9cdbe1e0cf7ed1b,0,0,0,0,0,0,0,0,0,0
705580bf80ac54e5098db405c179827d,0,0,0,0,0,0,0,0,0,0
764c956b049e65387b853131f79549c7,0,0,0,0,0,0,0,0,0,0
db51cfe3fb4a3646a38c5b5f6e018685,1,0,0,0,0,0,0,0,0,0
12232158c649c2dd6591ae7adf8d4b0d,0,0,0,1,0,0,0,0,0,0
050d9b669e0a36a25d8bcdfdab64cc2d,0,0,0,0,0,0,0,0,0,0
fc5d64bfe5ccb35b4ed5cab3715c72f7,0,0,0,0,0,0,0,0,0,0
393ff63c0199ed7185b34d4738e664b8,1,0,0,0,0,0,0,0,0,0
2233572df7d303e2c07807a96a9d719e,0,0,0,0,0,0,0,0,0,0
6c6181b8ea3ac386f2f33a3fb5d4ff88,0,0,0,0,1,0,0,0,0,0
d5e0db964fcde75b2120ae0dc5ac4764,0,0,0,0,0,0,0,0,0,0
bf2dae18806681f9676b01b984d5d065,0,0,0,0,0,0,0,0,0,0
2e8fd96ad2a73ae6e808291676e83167,0,0,0,0,1,0,0,0,0,0
f9fd336ff8ee40adcc4d448645593a3a,0,1,0,0,0,0,0,0,0,0
415e4a37eaeb00c35eed7aa1e7892de2,0,0,0,0,1,0,0,0,0,0
47af77101e987ad95522794a53eca146,0,0,0,0,1,0,0,0,0,0
ed679072f04151e0ed0688db8cef11a1,0,1,0,0,0,0,0,0,0,0
c5383c7dab903b1d9763794f4c3ce0a8,0,0,0,1,0,0,0,0,0,0
71bc5d102050e91557d75f0b087aae87,0,0,0,0,0,0,0,0,0,0
c57b05b71072e5fca179a077a3a8c2c2,1,0,0,0,0,0,0,0,0,0
60ed3c5f11a25112a4e77bbce1476d8a,0,0,0,1,0,0,0,0,0,0
bd7662ae83ebb128239184eed056eabc,0,0,0,1,0,0,0,0,0,0
c5a1a75571a3a1b0470eff885f1481f6,0,0,0,0,0,0,0,0,0,0
79d464de95c435b843eb8a6f73af22e5,0,0,0,0,0,0,0,0,0,0
2670a1455a1ff1fc23d11215c8c78a54,0,0,0,1,0,0,0,0,0,0
5e9f0a854ba9ec437a9ed124a9f687d8,0,1,0,0,0,0,0,0,0,0
81eb0e47925a6b49da533f82c1454ad4,0,0,0,0,0,0,0,0,0,0
9ac09d4ee9af4133fb0d013f7da08456,0,0,0,0,0,0,0,0,0,0
c38ee289214a9d4bd1fb30f1c100c28e,0,0,0,1,0,0,0,0,0,0
d2ee545b5b103bf0225369ee07fc70fe,0,0,0,1,0,0,0,0,0,0
da4c5eb90780078af0c90ee0fe6a68ab,0,0,0,1,0,0,0,0,0,0
e34238b4096e6c12743696a50f675851,0,0,0,0,0,0,0,0,0,0
cfc75cd177ab89a914c390fce8197787,0,0,0,0,0,0,0,0,0,0
d2c637d61e4434b5efbd04cbc909c6b8,0,0,0,0,1,0,0,0,0,0
a33a96af304f77e7e84074f5b5820824,0,0,0,0,1,0,0,0,0,0
e6184a749b8354c86c131e72e2a1ea29,0,0,0,0,0,0,0,0,0,0
486bc836595df143884f54a835491741,0,0,1,0,0,0,0,0,0,0
31ad0f5defdf4b7398e6dac0486526c1,0,0,0,0,1,0,0,0,0,0
c34a6f332c52c0e11ce7fe97afb453ee,0,0,0,0,0,0,0,0,0,0
3630d1b84817c4f80032323885ed2274,0,0,0,0,0,0,0,0,0,0
55340828a462711e442969af0df94da3,0,0,0,0,0,0,0,0,0,0
ca1cdcabe837d53feb273e2995be06b7,0,0,0,0,0,0,0,0,0,0
9af2918a940b4083f048ba28a9ceb391,0,0,0,0,0,0,0,0,0,0
49db1e055853dcf78e984d206a4726e2,0,0,0,0,0,0,0,0,0,0
52c682ab889662a3bada7d1e03e11ba5,0,0,0,1,0,0,0,0,0,0
4cb3e244ca466b3e654ec5d16cbd5025,0,0,0,0,0,0,0,0,0,0
cae97654b597003da41941406a92b94b,0,0,0,0,0,0,0,0,0,0
d5644192c926a42e6f0639104f747e54,0,0,0,0,1,0,0,0,0,0
257a376ef76f8a57ef0160de3e272342,0,0,0,0,0,0,0,0,0,0
07601b034f8e36319188e57a49bd5ce8,0,0,0,0,0,0,0,0,0,0
0c7b631a8ef6749bf461c2a5c41b1c3b,0,0,0,0,0,0,0,0,0,0
ffb80f16332c0d6d30c4b5288b11be77,0,0,0,0,0,0,0,0,0,0
6dec2e7010cda69d567f2708d7abccb7,0,0,0,0,1,0,0,0,0,0
a5e869f6d7b468e63424d1c1d7c50586,0,0,0,0,0,0,0,0,0,0
fdbb8f009ee7ad4510638bc1b8ff367e,0,0,0,0,0,0,0,0,0,0
d68d11491a8ec41e730860daa041fc07,0,0,0,1,0,0,0,0,0,0
e40aad3025ecd3e706b607fc79f59b56,0,0,0,0,0,0,0,0,0,0
e035e825d28b503493e822254b0a89ae,0,0,0,0,0,0,0,0,0,0
623b60cd8d87f9188f6192d7202edb88,0,0,0,0,0,0,0,0,0,0
1fccc49820463b6455a167ee50fbdebd,0,0,0,0,1,0,0,0,0,0
f53ca57fabb40c4ace043c7d8a26c4bc,0,0,0,0,0,0,0,0,0,0
eaabb2462aaf56d4cdc0752243b1d0e3,0,0,0,0,0,0,0,0,0,0
6bdd34740960552fdc6487f513dcd3e1,0,0,0,0,0,0,0,0,0,0
f21a824407dfb37c81f7fbbd8d8e0e58,1,0,0,0,0,0,0,0,0,0
dffd4693ef6aeba044e631ba14c7153c,0,0,0,0,1,0,0,0,0,0
cbeda3b4f870a8b249e653c871b5d655,0,0,0,0,0,0,0,0,0,0
93fcee47eb3d0ae4fc712150d049042e,0,0,0,0,0,0,0,0,0,0
1149b94c18c82d758c7807100f960103,0,1,0,1,0,0,0,0,0,0
bc1abef02dec83776487eab6828e21ab,0,1,0,1,0,0,0,0,0,0
f7c7eab17fb25c1b8e80dafe36a8e1f1,0,0,0,0,0,0,0,0,0,0
e454860ba550e21f69b1cef56d7ee793,0,1,0,0,0,0,0,0,0,0
c7d62f596e221b046a2c07fd49e5f0da,0,0,0,0,0,0,0,0,0,0
b391a00bafe654d04da0deab1813fae1,0,0,0,1,0,0,0,0,0,0
36a8d214d776783849bbd6c36d8efd3c,0,0,0,0,0,0,0,0,0,0
f4dfeae9bbd419f9989270431bcb466c,0,0,0,0,0,0,0,0,0,0
b69969618da401e7416b9da9a350b963,0,0,0,1,0,0,0,0,0,0
f1686f1e8cb697642c7557d67207221c,0,0,0,1,0,0,0,0,0,0
f0dc65105c22e60d4e58f31f2f27885c,0,1,0,0,0,0,0,0,0,0
c36165ab12a99af609b8d63351d74549,0,0,0,1,0,0,0,0,0,0
b89b0de4c15fed659060c0f00cda7134,1,1,0,0,0,0,0,0,0,0
ee699a6fc9992d86e5b34e6086624d12,0,0,0,0,0,0,0,0,0,0
d549618a2e7706247460eb71b125045c,0,0,0,1,0,0,0,0,0,0
23ab3ede29610bd47e71137a5018158e,0,1,0,0,0,0,0,0,0,0
41fd7d5882feed3cc226c5754ce74697,0,0,0,0,0,0,0,0,0,0
59322650d1f99795d38e9753bb71a350,0,0,0,0,0,0,0,0,0,0
2aa0463eab2d032082704363d95d759b,0,0,0,1,0,0,0,0,0,0
20e72cb95d983104a0963965538d7243,0,0,0,0,0,0,0,0,0,0
a2f55746e74ba472b3c794083fc419b5,0,1,0,0,0,0,0,0,0,0
a2604245d40ab6790ec47c8a3bc062d7,0,0,1,0,0,0,0,0,0,0
1b1bfab3b26b94f0cfc340fde62736c8,0,1,0,1,0,0,0,0,0,0
9c37399dda2acd29509968dabe802aba,1,0,0,0,0,0,0,0,0,0
f3c95936a93c1b770af9be69bec26673,0,0,0,0,0,0,0,0,0,0
47f80bd0a847176738cf787ab46f3a1a,0,0,0,0,0,0,0,0,0,0
ac09cdde645a2a499ee33d7f0808b73d,1,0,0,0,0,0,0,0,0,0
5035e7ea5d8acb1cbd2ea5481a750d1c,0,0,0,0,0,0,0,0,0,0
aed86f640a1ca751d0a2e7e82475aac1,0,0,0,0,1,0,0,0,0,0
244dae4d20ed64a10f8c412410b0c541,1,1,0,0,0,0,0,0,0,0
91f7b8d6401af41502dbe6feae7fe898,0,0,0,0,0,0,0,0,0,0
fca07c785315493aac69459bbea6b1d8,0,0,0,0,0,0,0,0,0,0
057f2154fa41078bb9bb201bd191882a,0,0,0,1,0,0,0,0,0,0
85b3ba6ea7d48d536977f05ae08aa36a,0,0,0,0,0,0,0,0,0,0
06ca816b56fd8da9526f896dfd3f135d,0,0,0,0,0,0,0,0,0,0
a168eace6972245ace67bab1421e7cab,0,1,0,0,0,0,0,0,0,0
0b1332e23b1204f98d5d2284a541dabe,0,0,0,1,0,0,0,0,0,0
12d3b6e46ba8276510e366c348bc13cf,0,0,1,0,0,0,0,0,0,0
febaedbde0766554de402e7847baa424,0,0,0,0,0,0,0,0,0,0
10343475be320666b3b64f6794c90ebd,0,0,0,1,0,0,0,0,0,0
0f38a6a31712df8e7e341cd036fd9aa5,0,0,0,0,0,0,0,0,0,0
8c660b98a1c85d47b834849eda14d3a8,0,0,0,1,0,0,0,0,0,0
57954bb1a9d9acec6bce76012147dcb2,0,0,0,0,0,0,0,0,0,0
596450c94cbf6a75b2d81d7cb4a30f49,0,0,0,1,0,0,0,0,0,0
9595c31849e19c65ec423fbd5035a595,0,0,0,0,0,0,0,0,0,0
b4477ef57617863fe3525e116c295d6b,0,0,0,0,0,0,0,0,0,0
45c24011c68a85bea39d0e3760db60b1,0,0,0,1,0,0,0,0,0,0
bbebbb3a6132e658d463c2de5716ec98,0,0,0,0,0,0,0,0,0,0
f724adc25cd373596c4e727519bc758f,0,0,0,0,0,0,0,0,0,0
61fd7260afd95f7dec23b13d54403c57,0,0,0,0,0,0,0,0,0,0
d75ee0879c759e14e2c1c0553dd5f148,0,0,0,0,0,0,0,0,0,1
e96b769b1ef8d36501e37d49c1b483d4,0,0,0,1,0,0,0,0,0,0
7492b42303855e72ec58f4750580ffc3,0,0,0,0,1,0,0,0,0,0
538baeca159e3d02a50a2b2dc678cec4,0,0,0,0,0,0,0,0,0,0
54d2cc0624756b4d38dab6d2f4898963,1,0,0,1,0,0,0,0,0,0
a4d54f067024cfda27c1e32b782c8b42,0,0,0,1,0,0,0,0,0,0
25b97750b535cd33a76ac258e8342ff8,0,0,0,0,0,0,0,0,0,0
0a657914023ad144786c19dd4d3c02c8,0,1,0,1,0,0,0,0,0,0
4b5a3982a516ce37927c255f5a1039de,0,0,0,0,1,0,0,0,0,0
9111142444f821af1093dacad1bf56af,0,0,0,0,0,0,0,0,0,0
269316683cef371a77a9690ad81958ed,0,0,0,0,0,0,0,0,0,0
3b2d933606731de60cfd870cb1784de1,0,0,0,1,0,0,0,0,0,0
80bc03887e36ac189f77021ca411e713,0,0,0,1,0,0,0,0,0,0
528f5f115cd977485cac5602b20eb516,0,0,0,1,0,0,0,0,0,0
578c4dc33ce8c9c13071e7909c4c9fef,0,0,0,0,0,0,0,0,0,0
089e01197d3c63c63adec44544b827d0,0,0,0,1,0,0,0,0,0,0
811acd71b7004f6ff5c9266217683b08,0,0,0,0,0,0,0,0,0,0
5e865621ed735e442542413dcb4811e4,0,0,0,1,0,0,0,0,0,0
af09bbd76f52399f5a770684f8037795,0,1,0,0,0,0,0,0,0,0
daad863b82f639980d4878627a5b1cf7,0,0,0,0,0,0,0,0,0,0
bd32386ca9d9f19130cee3cb773c9456,0,0,0,0,0,0,0,0,0,0
c2cc6985f9bced8312f712ee1088ec50,0,0,0,0,0,0,0,0,0,0
8fe3e4e8c4c6c9be9977d3e286e67ee3,0,0,0,0,1,0,0,0,0,0
eeec1e8a9be3b58748c8e9f28342e429,1,0,0,0,0,0,0,0,0,0
ca401057aa85d16aacec92e6481f5a05,0,0,0,1,0,0,0,0,0,0
4e7cc2c944298de4c1418619b47e2c6a,0,0,0,0,0,0,0,0,0,1
0120a2934d0ffe4b904830fe899f554b,0,0,0,1,0,0,0,0,0,0
b5cc23f7ab359dee0d91d69fe68ba880,0,0,0,1,0,0,0,0,0,0
efe5ebd718c6afa9c24214bb4373b40d,0,0,0,0,0,0,0,0,0,0
cea5824df581491e68a4360b122b089f,0,0,0,0,0,0,0,0,0,0
62325a9e0d9d9c25b9fb82d68406be45,0,0,0,0,0,0,0,0,0,0
b3f0539490f0cb3a97dd187a3a8d14a2,0,0,0,0,0,0,0,0,0,0
b521486cd4db83789a805e758e04b120,0,0,0,0,0,0,0,0,0,0
57a69b2d2244b1919ab0d4790913d5ff,0,0,0,1,0,0,0,0,0,0
51b82cd091f192493f43dd2934e1b2fc,0,0,0,0,0,0,0,0,0,0
54341e505565ff1c74622dbdd0765582,1,0,0,0,0,0,0,0,0,0
89e9b9687199ab4fb5c9172d958a65ab,0,0,0,0,0,0,0,0,0,0
24e18c72fa5d744951c4e5fb8dc88585,0,0,0,0,0,0,0,0,0,0
5612b3b62c3508e67ec3309b68e7d1e2,0,0,0,0,0,0,0,0,0,0
19b3f898e3ce7f45756f8623cc0fb3c2,0,0,0,0,0,0,0,0,0,0
29861349da05d45385cc9b312b787d74,0,0,0,1,0,0,0,0,0,0
c7cb626246ef0c02fb90417c2b4425b8,0,0,0,0,0,0,0,0,0,0
52bc61b15493ea414ef56f53109fd753,0,0,0,0,0,0,0,0,0,0
5b2d5d9f0b175c925807af7945344b72,0,0,0,0,0,0,0,0,0,0
01dd4a2eacf1f751bcf9070bca20c3a2,1,0,0,0,0,0,0,0,0,0
b1dc998b811e7d3ac3b6eabb7a0cd0f8,0,0,0,0,0,0,0,0,0,0
6259970b5f702b660ba9c07c158267f0,0,0,0,0,0,0,0,0,0,0
2df7d405162a976fca745f8908b92ba9,0,0,0,1,0,0,0,0,0,0
291a71d5b94d48a9113beae8c5808a7a,0,0,0,0,1,0,0,0,0,0
0a7dcd7ad58d91e0373b21e4e4522cdf,1,0,0,0,0,0,0,0,0,0
a794164d9ea7ec96d50ba1d3a1b98ae4,0,0,0,0,0,0,0,0,0,0
31b06ae14cd358592e7d6dc725e86230,0,0,0,0,0,0,0,0,0,0
f790bb39866041eb895855aeebef1748,0,0,0,0,0,0,0,0,0,0
53d983142dfc565b8196a72045480d66,0,0,0,0,0,0,0,0,0,0
d6c8151380c7c6bad67db91e8ad25e98,0,0,0,0,0,0,0,0,0,0
b9149e1ccfbe786399f7ac68f3b732bc,0,0,0,0,0,0,0,0,0,0
27f15df89a4e097988f61c1a3e7d600e,0,0,0,0,1,0,0,0,0,0
92824bc00e630f9cfe39b28b9fd9f442,1,0,0,0,1,0,0,0,0,0
cd0c01291be1ee8ae25897e1248050c2,0,0,0,0,0,0,0,0,0,0
46b2f61235579f0b557bf95f18407ea8,0,0,0,0,0,0,0,0,0,0
3d621d123e2dedc7eb65b7bc9f88ebc3,0,0,0,0,0,0,0,0,0,0
55d078d9b5cdda996c1578c5320af52f,0,0,0,0,0,0,0,0,0,0
4ecd7575165cbb435173923a17c1a0f9,0,0,0,0,0,0,0,0,0,0
544ddf7650d4359817a2526b33091fa5,0,0,0,0,0,0,0,0,0,0
122b525afcf7856fb49713ec903fab2a,0,0,0,1,0,0,0,0,0,0
606b426b367d87d5b9fbad5ffc5b0a63,0,0,0,0,1,0,0,0,0,0
5520ef7276baf29282ea39f04ba93b0e,0,0,0,0,0,0,0,0,0,0
2f5b4d39dec156c3c7f614ce4342e4be,0,0,0,0,0,0,0,0,0,0
f6a8a85b9f8fb206a537a3c2ff157850,0,0,0,0,0,0,0,0,0,0
8cf08d1010adcb85c21317082b802a0e,0,0,0,1,0,0,0,0,0,0
0689868d0f2bb3d567f68060207b0c84,0,0,0,0,0,0,0,0,0,0
6fbb7a5c0c11157b9e096228c856362e,0,0,0,1,0,0,0,0,0,0
2e76154cc851693b0f240bf61b52c539,0,0,0,0,0,0,0,0,0,0
83b05b513521748ab92e85bf9a0ea4c0,0,0,0,1,0,0,0,0,0,0
f40331f125cbb04c4b76d63feb921879,0,0,0,1,0,0,0,0,0,0
4703a8f7b7da3f307b26c9344414169c,0,0,0,0,1,0,0,0,0,0
92bead7a99a660d6202bd617dcdf4b8e,0,0,0,0,0,0,0,0,0,0
b0a615f17a640d6ee7a46abb962cb30f,1,0,0,0,0,0,0,0,0,0
6ff3f276e05c6d074f0a187cca966738,0,0,0,0,0,0,0,1,0,0
8a4c97e839e63a3dced8aceada8a1c13,0,0,1,0,0,0,0,0,0,0
7ce09f20d6783f0072d9fbd3a23de751,0,0,0,0,0,0,0,0,0,1
2ad455fca27f80c82c8003151942be9a,0,0,0,0,0,0,0,0,0,1
160b5628c19386cb7ca4da92e9da26f0,0,0,0,0,0,0,0,1,0,0
d5591baa87f1c38f165ee64dfcef9cd5,0,0,1,0,0,0,0,0,0,0
947f5dca1570a75b425b9971ae9ca2db,0,0,0,0,0,0,0,1,0,0
e97095d817a8c31fc516a7c82778eb11,0,0,0,0,0,0,0,1,0,0
d500badaaa785a2588259a6625923c70,0,0,1,0,0,0,0,0,0,0
196fdafa09f4801b6d5ff867976a19c3,0,0,0,0,0,0,0,1,0,0
2b3f9fad939d190b84d9c162cd8d3b4f,0,0,0,0,0,0,0,0,0,1
4280a195fd3bff848f0fdba6c3d53f05,0,0,0,1,0,0,0,0,0,0
7c7ee1f000f6b81c0640bbbc66a0be48,0,0,0,1,0,0,0,0,0,0
7f1cb43dfa46b3d2759d20c21dd9df6e,0,0,0,1,0,0,0,0,0,0
a051e4d73e6375d48f5b59ef594bec57,0,0,0,0,0,0,0,0,0,0
d7684581d996c56e8a900e0a868e8d16,0,0,0,0,0,0,0,0,0,0
b693081356bb432754f33a022e3a842f,0,1,0,0,0,0,0,0,0,0
d3758916f9e6e932cb6b4a2a4723fe9e,0,1,0,0,0,0,0,0,0,0
d2c1ef0f9a029ffbc83057186c0ad6bc,0,0,0,0,0,0,0,1,0,0
f63943b8219af808207464d88564d739,0,0,0,0,0,0,0,0,0,0
22dd83f9ff98f87ccd30bb50dcb18b4b,0,0,0,0,0,0,0,0,0,0
b0c1599142e6be971f5ba94a4264a64b,0,0,0,0,0,0,0,0,0,0
354f6a24c774fc51e33a83897b5f34f7,0,0,0,0,0,0,0,0,0,0
67724334ad1966a4773dbef819254de9,0,0,0,0,0,0,0,0,0,0
b5192c59fb5c85a1a462d665178a0790,0,0,0,0,0,0,0,0,0,0
a7894705e2095db6620b50527bc43255,0,0,0,0,0,0,0,0,0,0
6729294c7f924f186f54baf301a743af,0,0,1,0,0,0,0,0,0,0
600dba5747d401fe62d54decc1642cab,0,0,0,0,0,0,0,0,0,0
102a618824753eaad17a77509c445010,0,0,0,0,1,0,0,0,0,0
a89df95beb41ba9c1d14b6eae1f99a5a,0,0,0,0,1,0,0,0,0,0
b0f34ed474d95b0acea675f02f9d3661,0,0,0,0,1,0,0,0,0,0
e41c59a4fffd06867b4622dc84f6227f,0,0,0,0,0,0,0,0,0,1
1ba89f80d689bee67f579860b18bd57f,0,1,0,0,0,0,0,0,0,0
5057afa55b2c888f155eab5bc771fdfa,0,0,0,0,0,0,0,0,0,0
424c69bd0b1d3c4d153c99eddce01b27,1,0,0,0,0,0,0,0,0,0
2b1691f078e8931c315246fed178def2,0,1,0,0,0,0,0,0,0,0
0577326ac4a685c6148dde8eac56236f,0,0,0,0,0,0,0,0,0,1
9418c9859cbec47ca68d1b54a9e8c7ab,0,0,0,0,0,0,0,0,0,1
0970ec7cf5331089986386e015e189a9,0,0,0,0,0,0,0,0,0,1
b6f710c491587593452e97b5e0e61591,0,0,0,0,0,0,0,1,0,0
fecaf839766fc72798f0a61f3179f5f3,0,1,0,0,0,0,0,0,0,0
362ebb645a4a9974a6fc143867e8ed3e,0,0,0,0,0,0,0,0,0,0
c3859b84507fa2fbf7c7ceece30e6055,0,0,0,0,0,0,0,0,0,0
69871313774edb1613d0ad64deae5e68,0,0,0,0,0,0,0,0,0,0
bc0e67b3b5e3e965ee391609b34bf00a,0,0,0,0,0,0,0,0,0,0
602aee08cf8f564d4b15d4593c7ea6c0,0,0,0,0,0,0,0,0,0,0
0cd3887e363031fd0f04b1d477509287,0,0,0,0,0,0,0,0,0,0
b6291d23f6e98fb512eab9cd94923dfd,0,0,0,0,0,0,0,0,0,0
b6648d695c4a1544b6aa5aa6c2d303b1,0,0,0,0,0,0,0,0,0,0
9a3c17d1fca688d370f89a3b0db3a272,0,0,0,0,0,0,0,0,0,0
8fb5d1519ed4f233f2842a1311fb6c4b,0,0,0,0,0,0,0,1,0,0
afa0520ca5e6adb796fc677c4e953438,0,0,0,0,0,0,0,0,0,0
46d789c307099cc99ffb4ca5ae32cca1,0,0,0,0,0,0,0,0,0,0
7374f067d212345bf7dab6882ec4fb70,0,0,0,0,0,0,0,0,0,0
f3e3584c4408aab040759e9ea4033b94,0,0,0,0,0,0,0,0,0,0
b66efe95949eba490cf5d125882093db,0,0,1,0,0,0,0,0,0,0
e762f1f8c63f997e82cc6e3950ecf74c,0,0,0,0,0,0,0,0,0,0
34b5ca3f2fd9bbdb7a9a3bb61b63bca5,0,0,0,0,0,0,0,0,0,0
5dadf5a8d9e33a0a91b2a11dc9427b03,0,0,0,0,0,0,0,0,0,0
98450ec75c430e9d01e8238a28e1b2f4,0,0,0,0,0,0,0,0,0,0
d386dc78c6e2567279871e6083d64096,0,0,0,0,0,0,0,0,0,0
eb988f63de4e33ed3c0216c2b3b84904,0,0,0,0,0,0,0,0,0,0
560ed84c5c67a0d82a341905ba33741e,0,0,0,0,0,0,0,0,0,0
5e4dbf9415a4224c2e330aad62de61cf,0,0,0,0,0,0,0,0,0,0
b1d70f620b671dabb6f941c9c9fcecb1,0,0,0,0,0,0,0,0,0,0
466347e17f5c522004fa67e6b41d53f7,0,0,0,0,0,0,0,0,0,0
354e9e12235b388203c335141b2eb91a,0,0,0,0,0,0,0,0,0,0
ad89904519b1b25971fe6b3047868836,0,0,0,0,0,0,0,0,0,0
66c46209cfe6de4b1fe253c06763b809,0,0,0,0,0,0,0,0,0,1
a7c4c78a08253d3b97a58085b3f2670d,0,0,0,0,1,0,0,0,0,0
b66f5be274cc890909aa842c47d99652,0,0,1,0,0,0,0,0,0,0
0613172bdabca2110b68a474022387b6,0,0,0,0,1,0,0,0,0,0
80b24f62fdbb2922b8ba3a2af305c6f9,0,0,0,0,0,0,0,0,0,0
9f21db84a1e54a13119c26153a2b7637,0,0,0,0,0,0,0,0,0,0
30c4277562420df1acb319b42278b576,0,0,0,0,0,0,0,0,0,0
d5d543680c59c1f491a84bdb89c0a65a,0,0,0,0,0,0,0,0,0,1
82ea737c40b789654430a99df7e6247c,0,1,0,0,0,0,0,0,0,0
f26ed098ddfa730dd9cebaaaab1bceac,1,0,0,0,0,0,0,0,0,0
a55fc952b9b88bc6b2132fefa5bec42a,0,1,0,0,0,0,0,0,0,0
2c56aaa9755a0ec3fa4cc690269414a8,0,0,0,0,0,0,0,0,0,1
1cf4ed67642a496429b5e106368e4a23,0,0,0,0,0,0,0,0,0,1
05a16bca48750b9ea9e52f8412b4cf63,0,0,0,0,0,0,0,0,1,0
cbe4e1a3be73b3d3cb151202c48ea35b,1,0,0,0,0,0,0,0,0,0
b091b1d45c1b7b7918c56827c719749a,0,0,0,0,0,0,0,0,0,0
e2e9af11a568be36fd68ed1546ad4618,0,0,0,0,0,0,0,0,0,0
816d6a19201b207309c5dbecfa2d7df6,0,0,0,0,0,0,0,1,0,0
d62613474ea7ae298987886ba3abd065,0,0,0,0,0,0,0,1,0,0
cba789d9d45cf0a702b75e4cb9ca5d88,0,0,0,0,0,0,0,0,0,1
feda1a884bec87a72f8908de8e4e6bc4,0,0,1,0,0,0,0,0,0,0
9c2be4429af8b87a8f2503f359c2f35f,0,0,1,0,0,0,0,0,0,0
07645408707f4f4bf4775fa41370f6f9,0,0,0,0,0,0,0,0,0,0
d0e1632558ed52d924beb975f8c8bfcb,0,0,0,1,0,0,0,0,0,0
24e275cd428302d00544503d940ffdd0,0,0,0,0,0,0,0,0,0,1
8af84449b0a1b225c9bbc6667028f723,0,0,0,0,0,0,0,0,0,1
5b95163f116e90cfe702a5e6aa99a04e,0,0,0,0,0,0,0,0,0,1
984a0864d656cc2eb6127ae45e35f72b,0,0,0,0,0,0,0,0,0,1
48079583e417364eef5aea4e69d764de,0,0,1,0,0,0,0,0,0,0
444702f3cb9069ca641b13c121b3ec93,0,0,0,0,0,0,0,0,0,1
3b9d14aa628910698c544f9ae3162922,0,0,0,0,1,0,0,0,0,0
ef2cd59c2cd5a53ead775833d6320ea7,0,0,0,0,0,0,0,0,0,1
8d493331742f4b9dc41130baa5fafd4d,0,0,0,0,0,0,0,0,0,1
85b7df96a3e81b56ad5a89dec6529cb6,0,0,1,0,0,0,0,0,0,0
62340f0349e3927ce18f8355d8339db6,0,0,0,1,0,0,0,0,0,0
1cf130ed8e308a1667380df4f5484b8f,0,0,1,0,0,0,0,0,0,0
d1f0d1d3dccf1619e4a321e67b66671d,0,0,0,0,0,0,0,0,0,0
727bf7c0000dc0d7466424b7f904ef90,0,0,0,0,1,0,0,0,0,0
8da0f2be5480369b8760a9cf6db0c6f0,0,0,1,0,0,0,0,0,0,0
c26f124badb3b7c335a0ecf0008d7664,0,0,1,0,0,0,0,0,0,0
c9955f0b5d7553e55284fa7e82017c1e,0,0,1,0,0,0,0,0,0,0
271cb70894d8d948500ed3548ed33925,0,0,1,0,0,0,0,0,0,0
40edf8345391a754091af7ba7b28678f,1,0,0,0,0,0,0,0,0,0
2130c1d63bf4b83ef1554ce5a233ed74,0,0,1,0,0,0,0,0,0,0
65358e508c5a5823bd6723c5362214b7,0,0,0,0,0,1,0,0,0,0
9fd24ca39786ffae28da3201cb595a93,0,1,0,0,0,0,0,0,0,0
0c1dd2d929bd99da1cb41086bb9e58c6,0,0,0,0,0,0,0,0,0,0
c661e2c8d2f7f72b0374a3f021f1dc06,0,0,0,1,0,0,0,0,0,0
6ec9a5576cdb930ffb9a1446cef62006,0,1,0,0,0,0,0,0,0,0
f0bedafeb5ee2a1e1a7968e5498f67c3,0,1,0,0,0,0,0,0,0,0
0cdbbeab4de6b46689588c1ae5d2e97c,0,0,0,0,0,0,0,0,0,1
42f7ca44d46d231688c465ea71f64d5e,0,0,1,0,0,0,0,0,0,0
9280f2f8a04f559485d7bdfd31fcc34b,0,0,0,0,0,0,1,0,0,0
0c11eade660c549fd30cc7b4007f6ef2,0,0,0,0,0,1,0,0,0,0
67200292fb68982fb958ca8524e05a3e,0,0,1,0,0,0,0,0,0,0
35f0c6baa4cfaa3c4890f332f0b19758,0,0,0,0,0,0,0,0,0,1
e3b929f35c248b5cc0554436e121eef1,0,0,0,0,0,0,0,0,0,0
bbb71945c27adb7e562bb42ab3a610bb,0,0,0,0,1,0,0,0,0,0
b919aba3600d5478defdf971ef884c26,0,0,0,0,0,0,0,0,0,0
f1d29c04e1131e4beb757fe72dcf7224,0,0,0,0,1,0,0,0,0,0
7664c901c397094e9fa2b9b250fabac1,1,0,0,0,0,0,0,0,0,0
6ae664310e55006657614c53629a4da9,0,0,0,0,1,0,0,0,0,0
2ee2dcf24eb99743fbe0392f8bf6ad4b,0,0,0,0,0,0,0,0,0,1
56db50c77b9d2b6960c93e739e7592b9,0,0,0,0,0,0,0,1,0,0
52b192177711c0e46c4ff379014f10e3,0,0,0,0,0,0,0,0,0,1
571a03ada9deda17253fa276d1eca7e4,0,0,0,1,0,0,0,0,0,0
65a7a297912d49dd88069644494448fe,0,0,0,0,0,0,0,0,0,1
c21dc8ea873bfbdd614e04003fe63962,0,0,0,0,0,0,0,0,0,1
66735e26f9d16cbced1aae9240223866,0,0,0,0,0,0,0,0,0,1
cd7b42cc3b01f08f57ba4c593dd9cf9a,0,0,0,0,0,0,1,0,0,0
98cfc03fad0393f425923faf55d2155a,1,0,0,0,0,0,0,0,0,0
68b3147172092e5329d3a69c21bd56b7,0,0,0,0,0,0,0,0,0,0
3990ac560232a74d7ad2e3242bdbb647,0,0,0,0,0,0,0,0,0,0
e437f13dddf0769cf338314f3d2d1aad,0,1,0,0,0,0,0,0,0,0
5d84c2027026b4128cfe6696678f5d39,0,0,0,0,0,0,0,0,0,0
dd96e3835ae476f094395821731716f0,0,0,0,0,0,0,0,0,0,1
9d1eeae48b8f2d1c0d1d9a88bf24a9eb,0,1,0,0,0,0,0,0,0,0
b155d7b39f24a8146543e101a00dc241,0,0,0,0,1,0,0,0,0,0
1a3fed4a065718e78e0354cf8eee36e5,0,1,0,0,0,0,0,0,0,0
03cc40173ec094dc4567c81b6ff513b3,0,0,0,0,0,0,0,0,0,1
60d3fc235dcd75f2ba754b1dc3c3d939,0,0,0,0,0,0,0,0,0,0
1b6fbdc64282f1734f814c740fcb09ac,0,0,0,0,0,1,0,0,0,0
0cdc64278f3169e4b4be494f50a9067f,1,0,0,0,0,0,0,0,0,0
496d4aaf2411621a61975ed7495b426a,0,0,0,1,0,0,0,0,0,0
fa0090b4c9fe41fe050b91251d4297c5,0,0,0,1,0,0,0,0,0,0
eb8f531bdd6151db0e60f045fce86d1a,0,0,0,1,0,0,0,0,0,0
fac43d3a00a372149391742bf3542bf3,0,0,0,1,0,0,0,0,0,0
88f76d47fd48a0d7142dd77c6eb24e86,0,0,0,1,0,0,0,0,0,0
9625bb2120997df38d1c2c3abad544d4,0,0,0,1,0,0,0,0,0,0
8d3c46e54d293cafe1c71aa6b0afd2f8,0,0,0,1,0,0,0,0,0,0
43c1aafd835e7d0696476c5b669aafbe,0,0,0,1,0,0,0,0,0,0
de94212c27100639e1081ecddd2e0b13,0,1,0,0,0,0,0,0,0,0
417de51398cd0abd60af4939880daee5,0,0,0,1,0,0,0,0,0,0
63753d986c8c3294de2b15caf9b24f66,0,0,0,1,0,0,0,0,0,0
54333990752c100afa6dca3af363c950,0,0,0,1,0,0,0,0,0,0
d27a1643f2b2c549ebd0f63d9d4eb101,1,0,0,1,0,0,0,0,0,0
ee2d0eb3ac1a3f690e333ac45e402b55,0,0,0,1,0,0,0,0,0,0
bd0e43984f48cfad5ba6c97ab75ed322,0,0,0,1,0,0,0,0,0,0
828105a81b9c451dad83348131c07d5d,1,0,0,0,0,0,0,0,0,0
9bffb70a98344520b17d9c750f2e5f69,0,0,0,1,0,0,0,0,0,0
cea02d371a65dbadaa9aee297d8b2476,0,0,0,1,0,0,0,0,0,0
aa90c231c0f3a061aac44f6c11868c29,0,0,0,1,0,0,0,0,0,0
fb3fe23b8f47d6ba8b1baed01f987dae,0,0,0,0,0,1,0,0,0,0
e2e2dfdd5b2aef9cb589386db546b554,0,0,0,1,0,0,0,0,0,0
d0a911c3d70d558e4b17ad4008d5c6b2,1,0,0,0,0,0,0,0,0,0
a58c59c77fda4a8f19ad7d85895cec40,0,0,0,1,0,0,0,0,0,0
fff6f70ab791abf2b3f03f6871fe929a,1,0,0,0,0,0,0,0,0,0
73ae836135de464262086a9f1961be11,0,0,0,1,0,0,0,0,0,0
6c95c2086e5a58f7a5fbede278fd7aff,1,0,0,0,0,0,0,0,0,0
7fb51a9a6290fee01fec0c1476d1bc79,0,0,0,1,0,0,0,0,0,0
c08574032605abf376211fabb5906381,0,0,0,1,0,0,0,0,0,0
ec52fe5519874858981ccf66390fa1f8,0,0,0,1,0,0,0,0,0,0
9bb1fb1316cffac69c99614b026312af,0,0,0,1,0,0,0,0,0,0
c599ca8789430a35547c945cf7307687,0,0,0,1,0,0,0,0,0,0
6d9482b4cd3474f56302fa9e0aa11b9a,0,0,0,1,0,0,0,0,0,0
7c5b0f00a1967841b0776554d987d20c,1,0,0,0,0,0,0,0,0,0
447f15be04cd6f0477f1a0257c881733,0,0,0,1,0,0,0,0,0,0
6fa603e74548ec06302ec18baa4b9bee,0,0,0,1,0,0,0,0,0,0
b260e0b0ad7cbe377e6f3db1280f014d,1,0,0,0,0,0,0,0,0,0
ca3106b586c62093c3cf5fee986f6da7,0,0,0,1,0,0,0,0,0,0
93c43077891e5b0f76c7c95e2712734e,0,0,0,1,0,0,0,0,0,0
0c0e4d519a4ee4389b9292f0b149f2d4,0,0,0,1,0,0,0,0,0,0
814a9f9ceedc8c5059d301ce58bc3a51,0,0,0,1,0,0,0,0,0,0
33f2be2e1138eeb24108e39c23ed1aac,0,0,0,1,0,0,0,0,0,0
10a0dbd8490e8e1d2369b66bf7ea6c0c,0,0,0,1,0,0,0,0,0,0
037b28dd4a4145b2363c3e823896d5ba,0,0,0,1,0,0,0,0,0,0
56f2869b2219a217fa7f0523a3c738f1,0,0,0,1,0,0,0,0,0,0
e451458f0dae796e25f570a8bd4cb2f4,0,0,0,0,0,0,1,0,0,0
53c2b5741e328df49c68c1b1b503f490,0,1,0,0,0,0,0,0,0,0
22fc1f0341e063e69a7757e8ce96d153,0,0,0,0,0,0,1,0,0,0
4e549dc1a7f59c779ab614437fd6c26d,0,0,0,0,0,1,0,0,0,0
353f4415992e2b4ee5c1a0d3e49e95c0,0,1,0,0,0,0,0,0,0,0
f787a3b683932a30e4beb0e4a57b41f2,0,0,0,0,0,0,0,0,0,1
7f5c1fd4bbfc11ac43e5996e0ed4fbd6,0,0,0,0,0,0,0,1,0,0
de92031ec999f534511e6c3f2bed783b,0,0,0,0,0,1,0,0,0,0
27bc70fee1ba95b4278050baa580c02d,1,0,0,0,0,0,0,0,0,0
03a00e68822a241ced930d4091b94e60,0,0,0,1,0,0,0,0,0,0
a5629f68eab3d1e9a3e5e498e1226677,1,0,0,0,0,0,0,0,0,0
7c93a9ba30f588db769bcefa1cd334d2,0,0,0,0,0,0,0,1,0,0
88d49d35714aa4307486e281736067d2,0,0,0,0,0,1,0,0,0,0
8a1501406f513b286cfc43cf490f69a3,0,1,0,0,0,0,0,0,0,0
286b79c7751e24ec56dc3e017b752c2d,0,0,0,0,0,0,0,0,0,1
96a6fe70d4e0d386d6582b2c3a5661c1,0,0,1,0,0,0,0,0,0,0
5fe1361f2c3f5f849d45a42ce014f7e9,0,0,1,0,0,0,0,0,0,0
4610c460c14ad66ac1653b298e4a0743,0,1,0,0,0,0,0,0,0,0
54a416b397e2725d7b7982b42b4d930a,0,1,0,0,0,0,0,0,0,0
9b4b9b305781c6a366abf3ffe6e27579,0,0,0,0,0,1,0,0,0,0
a3f97f3aaea62737f61587af1aad2b48,1,0,0,0,0,0,0,0,0,0
8b1752b1064dcb4a59159062e5eeff0e,1,0,0,0,0,0,0,0,0,0
61100e940002287986287c56b94e1c1c,1,0,0,0,0,0,0,0,0,0
5779579f9ba8cd1df1d151db09b2ace5,1,0,0,0,0,0,0,0,0,0
d922377a9adfe9ca30840b8eed466179,1,0,0,0,0,0,0,0,0,0
a908ce1a9fd14f49aac2d54a9eea0aca,0,0,0,0,0,0,0,1,0,0
f2c3552764ea97a8f99a60c7fec7afb3,0,0,0,0,1,0,0,0,0,0
1eab29a5b44cb226c06cff3ad49782aa,0,0,0,0,0,0,0,0,1,0
5bedf6bbf39fbf476429737541632f60,1,0,0,0,0,0,0,0,0,0
cc7147302972df23492457c7c65982b2,0,1,0,0,0,0,0,0,0,0
c43a21c0caaf556d1584f5c6e9cec81f,0,0,0,0,0,1,0,0,0,0
32f3ebc6f4e87a2e694149ccd94f91fa,0,0,0,0,0,0,0,1,0,0
343adb01436932cadc1ce7ad664afddc,0,0,1,0,0,0,0,0,0,0
d099798ce13d85be5a7c3ba32762a326,0,0,1,0,0,0,0,0,0,0
66bdef17fd9bb9e1afc0a910763d9f2e,0,1,1,0,0,0,0,0,0,0
ab5d5f69a4016bc824d60623eca4d29e,0,0,0,1,0,0,0,0,0,0
384ff64be93df3ce699995083aaa69c2,0,1,0,0,0,0,0,0,0,0
564597f346421e0ae96e92266374d8c5,0,0,0,0,0,0,0,0,0,1
3f71347b465b129d12a24b54ac5b465d,0,0,1,0,0,0,0,0,0,0
2c5917d3d127ce49bde240085fe2ae97,0,0,0,0,0,0,0,0,0,0
fbe58e99d0b0810337ae5f4e4853c8d2,0,0,0,0,0,0,0,0,0,1
2fe5ca683c5d5ad2d40f3ead3f43d5eb,0,0,0,0,0,0,0,0,0,0
02e245938145d2e3e48d467248445a9a,0,0,0,0,0,0,0,0,0,1
1493bd69dd6c68eaa0a679ca252d5f5a,0,0,0,0,0,0,0,0,0,0
89500250806ada2afe14e2acb5f3689a,0,0,0,0,0,0,0,0,0,1
88a61fb32ad098aa6b0800fe284bfbae,0,0,0,0,0,0,0,0,0,0
a65831957b88a057c495474b4a50ac19,0,0,0,0,0,0,0,0,0,1
e40675ae52a5c7fed8fb129e532c5561,0,0,0,0,0,0,0,0,0,0
4823335157e2905ac5f25be88a49dd74,0,0,0,0,0,0,0,0,0,1
d11c7cdceb570a7aceed51c1b60e78ff,0,0,0,0,0,0,0,0,0,0
60085140a75be055b1a380bbea0aa6e4,0,0,0,0,1,0,0,0,0,0
bd6e059f15ce84cf528c9f61ab7fc2c4,0,1,0,0,0,0,0,0,0,0
e3fa5aa8eb4c92b368afc9fb7f79a342,0,0,0,0,0,0,0,0,0,0
8c192f05fb4a9973c70c1c46c5983c1b,0,1,0,0,0,0,0,0,0,0
e7b6184777b29e1b128a9d20e2df462e,0,0,0,0,0,0,0,0,0,0
f9db9dcb2d4150231a288858d164b0de,0,0,0,0,0,0,0,0,0,0
d7d0302d58b33b4ac6d5f148b03b19d4,0,0,0,0,0,0,0,0,0,0
dc63a8a76bc9a56ab1617d500971495b,0,0,0,0,0,0,0,0,0,0
04a8004f4d161150f9a5bad912ea1df3,0,0,0,0,0,0,0,0,0,0
b9791537081b1cd34088e89ab81f3409,0,0,1,0,0,0,0,0,0,0
4cba07901d5977d051b652e5cdb714ad,0,0,0,0,0,0,0,0,0,0
8c88cc187c64235f0cd2bed66c9e37b8,0,0,0,0,0,0,0,0,0,0
0b4e8eb359864e1ebeab51328cd56bdc,0,0,0,0,0,0,0,0,0,0
8a051fd9de90b410e009445a486e1d10,1,0,0,0,0,0,0,0,0,0
63b9572e2566f7504aaeaf5a4aced12f,0,0,0,0,0,0,0,0,0,0
14a8bbda468794fcd892b35ed3832087,0,0,0,0,0,0,0,0,0,0
d0361e2d039faf519251d3f574ad9d36,0,1,0,0,0,0,0,0,0,0
da4936b50dd40467242d2255c6d7d7e0,0,0,0,0,0,0,0,0,0,0
8e06a17e1b5e8f456c25673a8e1db741,0,0,0,0,0,0,0,0,0,1
7a1e4935a13930251a2fbcab0f239a73,0,0,0,0,0,0,0,0,0,1
12cb73a15ca26bf59c4183bd067c5906,0,0,0,0,0,0,0,0,0,0
6ed8f2b13987e5c5945bfe64ae9e2d48,0,0,0,0,0,0,0,0,0,0
d62d77ef05286d5f6a0568f5d4eca99c,0,0,0,0,0,0,0,0,0,1
271e07634bf0623fa2d82b14f0980b34,0,0,1,0,0,0,0,0,0,0
44f3138f3f458a9813e353ccb41514fb,0,0,0,0,0,0,0,0,0,0
a5ce46fef71be48d6f3e57d929866ddb,0,0,0,0,0,0,0,0,0,0
2a7fe1e6e21d90a99d66af3d8623f47c,0,0,0,0,0,0,0,0,0,0
7191817215d4e909289b050002f335f8,0,0,0,0,0,0,0,0,0,1
93fb5618bdca68a55cbd447bb48a77c0,0,1,0,0,0,0,0,0,0,0
0ad31049154df70d7a12c76e3147f1b3,0,0,0,0,0,0,0,0,0,1
598fbce8da121878121b1235aff55132,0,0,0,0,0,0,0,0,0,1
898d46afd4261d9ce51c677a992a5f16,0,0,0,0,0,0,0,0,0,1
98c9de736cb6c209fa525f937d793e89,0,0,0,0,0,0,0,0,0,0
f0ba7adebdfc68141533450405bcf53a,0,0,0,0,0,0,0,0,0,0
c0b99b305687e290276e75ec2c183ba7,0,0,0,0,0,0,0,0,0,1
33d8fe36cf63471b20849e45701b3813,0,0,1,0,0,0,0,0,0,0
57fa598a26ec96a5ddee6dd9b27ab16b,0,0,0,0,0,0,0,0,0,0
ce2c268994894ce68931a375392d738e,1,0,0,0,0,0,0,0,0,0
97fd68edc015e73703df3268aa848b9b,0,1,0,0,0,0,0,0,0,0
2bd1d9e5bd1aa73a0d4af15e2208802a,0,0,0,0,0,0,0,0,0,1
d9ef98121a943b6802290b8e7223e167,0,1,0,0,0,0,0,0,0,0
cb59ebab657c4c0bb3ca88091af5f4cf,0,1,0,0,0,0,0,0,0,0
a86821581607c591e403934fbf8ec340,0,0,0,0,0,0,0,0,0,0
7b48f8872cd4c0341402cd36505e1f73,0,0,0,0,0,0,0,1,0,0
afb5fb77476d43ecb7e40ccd46651b63,0,0,0,0,0,0,0,1,0,0
2863d65e378a66fddd0f96c51964ee62,0,0,0,0,0,0,0,0,0,1
ee62aff0ba56edb61d2de35d5fce9bc7,0,1,0,0,0,0,0,0,0,0
daa44151e4c30ee3dbcbb4ceec8fc493,0,0,0,0,0,0,0,0,0,0
8d85389e6c5475f771bc0c79f44e9e28,0,0,0,0,0,0,0,0,0,0
1502cf8839cd5b3d4f28f2899c18ce7e,0,0,0,0,0,0,0,0,0,1
e0c5006d4f72715912d81c669c09454d,0,0,0,0,0,0,0,0,0,1
8ce3aaba19b77fdaee75008bde0d397b,0,0,0,0,0,0,0,0,0,1
c737b2fa419ab726965c63d4b2176a61,0,0,0,0,0,0,0,0,0,1
4d326e34683da42bfc493fcca631cb1d,0,0,1,0,0,0,0,0,0,0
71c246a43820bdd1d9aac58bf5ecbf18,0,0,0,0,0,0,0,0,0,0
a1fa31b397c571bda0f123dbc505d448,0,0,0,0,0,0,0,0,0,1
66f5298b045c4cfd1e8dd931fa8b2d62,0,0,0,0,0,0,0,0,0,0
5a96faffdf6ff5556fc7f9ca93f81562,0,0,0,0,0,0,0,0,0,1
c82625e3252bc8642cc2310358bc6050,0,1,0,0,0,0,0,0,0,0
500596c90cce1c2c93e748b9d8b89a9d,0,0,0,0,0,0,0,0,0,0
51c780cb21ecdba64311ebe32a8f8d4d,0,0,0,0,0,0,0,0,0,1
b07df4e56bcf5e7a3dcb71b76d4eb0c1,0,0,0,0,0,0,0,0,0,0
ef1894be65ba2fe7b32d5a9010206534,0,0,0,0,0,0,0,0,0,0
784bb31914dbcfe60b6579b0d148d020,0,0,1,0,0,0,0,0,0,0
758626dd5c9edcb24b8d02bdcd696c35,0,0,1,0,0,0,0,0,0,0
8ebba8c77bace0a28a583bd0e3e358aa,0,0,1,0,0,0,0,0,0,0
b7b48660c4fcc5a1fa65b71ef39203ad,0,0,1,0,0,0,0,0,0,0
7adb7c42dabaf12602a755e45f2722da,0,0,1,0,0,0,0,0,0,0
df5b65dee07e55ec60d755a8f5ff9f1f,0,0,1,0,0,0,0,0,0,0
840803c55ad7b1e34edef816669f128d,0,0,0,0,0,0,0,0,0,0
014a0178b1fb411bcff909ff91c1f21f,0,0,0,0,0,0,0,0,0,0
c4986f55313f44d321bd88a08e4aabc1,0,0,0,0,0,0,0,0,0,0
563c9ddc8d9beb59577ab317bb2d8c8f,1,0,0,0,0,0,0,0,0,0
4c920c9cefd9145883d34f280b7eefb1,1,0,0,0,0,0,0,0,0,0
b59abac003c7fbf806d57f7172e2424d,0,0,0,0,0,0,0,0,0,0
caecfb8268e5383b828204ac63b5ea96,0,0,0,0,0,0,0,0,0,0
d4645c2587651cc33c3d8b01370540c9,0,0,0,0,0,0,0,0,0,0
fc52c1817e65c9d5f10a25e70f17746a,0,0,0,0,0,0,0,0,0,0
122f7f7df3fb82cafd2f7a2fca99eb90,0,0,0,0,0,0,0,0,0,0
d37f2ace0568445fb1fc565ac485f845,0,0,0,0,0,0,0,0,0,0
e9c7d89dc75cb2c0a9b529cab4646eac,0,0,0,0,0,0,0,0,0,0
f2f22a0a04bbba7bc4af8eca1b7e4ccc,0,0,0,0,0,0,0,0,0,0
02000921b6e69ce9772624164efe30d6,0,0,0,0,0,0,0,0,0,0
b29628f643bda8160e99dc0a2928ad95,0,0,0,0,0,0,0,0,0,0
d4a42f581e8d93853bb9787fe09fbac0,0,0,0,0,0,0,0,0,0,0
368844558533f8b0100596001b71879e,1,0,0,0,0,0,0,0,0,0
5a00d369ef786eed405c4cdb06cda240,1,0,0,0,0,0,0,0,0,0
cf591bebfb0a86189bf5395065cebb8c,0,0,0,0,0,0,0,0,0,0
34076d90f61ada3e263ccc31301b8910,0,0,0,0,0,0,0,0,0,0
5927bf8eafecb0b72c7c45bcacc07a2e,0,0,0,0,0,0,0,0,0,0
ef40083cf567b07fe108bb9cb8b17a9b,0,0,0,0,0,0,0,0,0,0
0109eb4190332c1261dedf7275cecdc2,0,0,0,0,0,0,0,0,0,0
f5d6ba561c0ea71db4b4295cb0619c2e,0,0,0,0,0,0,0,0,0,0
517731eb3fb9ae0024fa9d1b39cda7ac,1,0,0,0,0,0,0,0,0,0
706e5e05978e067c55ad94976a35924c,0,0,0,0,0,0,0,0,0,0
314fb8a382e92d48c46bc0136decd3f5,1,0,0,0,0,0,0,0,0,0
883aa8deb45410e15904c471e86e25bc,0,0,0,0,0,0,0,0,0,0
20786ce94afac4b2f7de903430d6dcdf,0,0,0,0,0,0,0,0,0,0
2933c3acdf4b3073fb49e26e7b5c3b82,1,0,0,0,0,0,0,0,0,0
ea02bfa2771ec251fdcb63789165af22,0,0,0,0,0,0,0,0,0,0
aa730f402b12ee02c2e37a8531e0f419,1,0,0,0,0,0,0,0,0,0
13756dcaa931f496a490936b90088471,0,0,0,0,0,0,0,0,0,0
f74464ec1f4663c077bee9fdaaa29056,0,0,0,0,0,0,0,0,0,0
d259b3152fcfe6870a2de6e44fc6e654,0,0,0,0,0,0,0,0,0,0
16912ed8e7b7d660b8b58e0fa4fc09e7,0,0,0,0,0,0,0,0,0,0
5491cb52a93aac36300d2403c9177488,0,0,0,0,0,0,0,0,0,0
337c8c0452d8ecfc94f6a536c087bee3,1,0,0,0,0,0,0,0,0,0
0bf0ebe31b1e67618bc28a9d3738a2e4,1,0,0,0,0,0,0,0,0,0
d89b63cc266d62a8e318aef84870aead,0,0,0,0,0,0,0,0,0,0
e6d38537ab9b642818e4ed986429fa3a,0,0,0,0,0,0,0,0,0,0
f18ad371bdbe9e87d8c38cf708621d63,0,0,0,0,0,0,0,0,0,0
bef2abc692785b7915882c9b213d34c5,0,0,0,0,0,0,0,0,0,0
b9cf60bfe821c22c6c61bd18c4c43edd,0,0,0,0,0,0,0,0,0,0
2de4ef5d700b7b6ebbec9a0b21e0a35f,0,0,0,0,0,0,0,0,0,0
160379813b0fd087c4e0b581a6542d6a,1,0,0,0,0,0,0,0,0,0
d9853da686c5bb3f4f161083822fc0a3,0,0,0,0,0,0,0,0,0,0
c561b78c91e779aaf4401cb14a19546f,0,0,0,0,0,0,0,0,0,0
cda2ea73e72d6ab30484d6b81d3cfdfa,0,0,0,0,0,0,0,0,0,0
5c1be500d6563c607ac8634e9ac48456,0,0,0,0,0,0,0,0,0,0
9b71a9af2358963b46a92c2b3cc864b1,0,0,0,0,0,0,0,0,0,0
eed77a0bd3a6e3e4fadd35e77dcc5b2d,1,0,0,0,0,0,0,0,0,0
8e8f404b10c56e636e31323e95213a0b,0,0,0,0,0,0,0,0,0,0
2f08b4ce59feb4eda77691f6e1db5916,1,0,0,0,0,0,0,0,0,0
fca0174b2d58b4f183b6935618737a44,1,0,0,0,0,0,0,0,0,0
de2880ebe7ac58b67313325d045de876,0,0,0,0,0,0,0,0,0,0
8e9b05a4217c2664383f9257116942a9,0,0,0,0,0,0,0,0,0,0
1363857dbcc713fefdfa2e181e11e1ab,0,0,0,0,0,0,0,0,0,0
c74f5dbd8177dcf575847fd104010228,0,0,0,0,0,0,0,0,0,0
31c05998ddce11142d31e5bea8359c4f,1,0,0,0,0,0,0,0,0,0
cf38068ebfa6ce6d261925c809d7afe2,0,0,0,0,0,0,0,0,0,0
0fbab693f1d854ab81e71b92c52bcfdf,1,0,0,0,0,0,0,0,0,0
4eb8f879ea15f24bb24b6027728131b1,0,0,0,0,0,0,0,0,0,0
7e22311b4e039bc3e5fa87fef6c8c99d,0,0,0,0,0,0,0,0,0,0
e9f01f273032dc3b0989bd9401d6f93c,1,0,0,0,0,0,0,0,0,0
42bba96a52aec4570c66cd0c4e246913,0,0,0,0,0,0,0,0,0,0
409dba98f282f2aad56dc472e51d42d4,1,0,0,0,0,0,0,0,0,0
95abd01316ddb3073fcf3cfa9d7286ec,0,0,0,0,0,0,0,0,0,0
0be49522c8bcffb5b644e6dfc79f2d74,0,0,0,0,0,0,0,0,0,0
23138a73345d9ec8ae9cac971091051f,0,0,0,0,0,0,0,0,0,0
f5f8ef775a7e2bc0d8505fa6c13091f9,0,0,0,0,0,0,0,0,0,0
4eb8318edb52c3957b1f43106a480c27,0,0,0,0,0,0,0,0,0,0
5d5323234f28392819dd759b0798d1a2,0,0,0,0,0,0,0,0,0,0
ba47c86acea38e0de1b239351ae09e0a,0,0,0,0,0,0,0,0,0,0
ec9ea455a11617612ae57534c9668c1a,1,0,0,0,0,0,0,0,0,0
c680a8cb1839df43699fc8e96590793c,0,0,0,0,0,0,0,0,0,0
795bef97938b69c10b08d0fc6733340b,0,0,0,0,0,0,0,0,0,0
bb67c140578e1f23a24425085f5bca8e,1,0,0,0,0,0,0,0,0,0
121176e78c672c5ffa433a6df7bdb7f9,0,0,0,0,0,0,0,0,0,0
cd3bbc46c2f6bec35d23c8b660bf901a,0,0,0,0,0,0,0,0,0,0
a1b5213c8a26fb211a4c37ae996e0c07,0,0,0,0,0,0,0,0,0,0
1363980726cde1238d7f474dd0e146e9,1,0,0,0,0,0,0,0,0,0
c6712667e056b1fa05b19e6dea247361,0,0,0,0,0,0,0,0,0,0
dee34efd6af03cc82c9ebe6b205b3c14,1,0,0,0,0,0,0,0,0,0
4d170b563b4b05e81e5fb375fd5c3481,1,0,0,0,0,0,0,0,0,0
1f3d57268206f69991ffde3e48b86b3b,0,0,0,0,0,0,0,0,0,0
feb42ba9fde1a9ff7419e94c0a835c4e,0,0,0,0,0,0,0,0,0,0
730d5df102a80a444a5b90026bf7c692,0,0,0,0,0,0,0,0,0,0
4e76d197c9abfae7f2f08c2e02b3732e,0,0,0,0,0,0,0,0,0,0
ba6a26a51badc57679851b309018eab9,1,0,0,0,0,0,0,0,0,0
5af153165394eb7917db796aaac9be6f,1,0,0,0,0,0,0,0,0,0
80540374a3b4d6daa7bbffcc2e91bce7,0,0,0,0,0,0,0,0,0,0
3213543265e254c7c67a1085d8714f3e,0,0,0,0,0,0,0,0,0,0
d2c1fd512d5ed924acfb7647113f45f4,1,0,0,0,0,0,0,0,0,0
1b33d0c20abe23879a043d655f421b2f,0,0,0,0,0,0,0,0,0,0
550e510addd549cd13825ac9081dd2b0,1,0,0,0,0,0,0,0,0,0
cfa65801b438ce712f6d82a274e9e0af,0,0,0,0,0,0,0,0,0,0
471d02f9356b1d94fe0a8a90bd304c09,1,0,0,0,0,0,0,0,0,0
64a52ae72e4952e5b373d8453b51d12e,0,0,0,0,0,0,0,0,0,0
af57ac4c86444d63bfdfe8880ff445e6,0,0,0,0,0,0,0,0,0,0
e59f6451f122818aed44a53f31eca60d,1,0,0,0,0,0,0,0,0,0
490bea87738e197f0955a044015f2908,0,0,0,0,0,0,0,0,0,0
08a89586e0406a9fd58d7c8c32bdb6bc,1,0,0,0,0,0,0,0,0,0
b67a25e0444c0cd7a57823c4384550b0,1,0,0,0,0,0,0,0,0,0
5074ee1ef1168d21ca760af0e0dae763,1,0,0,0,0,0,0,0,0,0
38cc9960a894aed6af5c378a04eee373,0,0,0,0,0,0,0,0,0,0
43d3923988eeb9883af6936c366779fb,0,0,0,0,0,0,0,0,0,0
ce6675da411ecc335e89be4189d87b75,0,0,0,0,0,0,0,0,0,0
2a4583cab87e74ed769e10bd1448725d,0,0,0,0,0,0,0,0,0,0
8f71bfd4490c96e0f66c33b4cd4e22bb,0,0,0,0,0,0,0,0,0,0
015dae34f46e9ffa688fe4f48b39805d,1,0,0,0,0,0,0,0,0,0
74c75f12af10014e829f916f081a8bc8,0,0,0,0,0,0,0,0,0,0
a1cb090cc3a721135c4901628f8071d0,0,0,0,0,0,0,0,0,0,0
dc22623b639ce17d5f2bee031b359f23,1,0,0,0,0,0,0,0,0,0
7d889f717dc9653a45f2a230c2efea14,1,0,0,0,0,0,0,0,0,0
8d48645daadbca28270db15fc340f2db,1,0,0,0,0,0,0,0,0,0
02acbeead59dad91370efebd635b0f1a,1,0,0,0,0,0,0,0,0,0
a6d164e556a51e24cf75118bedf0d22c,1,0,0,0,0,0,0,0,0,0
ffae150649ec2a4eb9e09497697e0aba,0,0,0,0,0,0,0,0,0,0
96c7dabea735bea5a739e07fab0a34ce,0,0,0,0,0,0,0,0,0,0
0758f5676748686e276b507b607f3d35,0,0,0,0,0,0,0,0,0,0
088a6b121b5742a6ec67c97e98ff5d78,0,0,0,0,0,0,0,0,0,0
78902daf6c646d04714637a71607b1fc,1,0,0,0,0,0,0,0,0,0
9a12b3a9869d281e9e824f31d7f26cfa,0,0,0,0,0,0,0,0,0,0
66b135d93e50f200660ab66e4371b7f1,0,0,0,0,0,0,0,0,0,0
4fb5663e0a951b25acbe22766b9211ee,0,0,0,0,0,0,0,0,0,0
51e3db2348306e22a0f109c0d8756be9,0,0,0,0,0,0,0,0,0,0
dd28c77a21e8b4d8a29b2122488efe00,0,0,0,0,0,0,0,0,0,0
921491a5a662f96b2e8409e3b035cbd2,0,0,0,0,0,0,0,0,0,0
85bea685dff2cdbea35c1b08beb9b289,0,0,0,0,0,0,0,0,0,0
4d92062bdba141f799776a738f8edfba,0,0,0,0,0,0,0,0,0,0
97de38d395d4dc84284c54a49b16fabf,1,0,0,0,0,0,0,0,0,0
54e3beba4ddff7a98f90e099613a0e6e,0,0,0,0,0,0,0,0,0,0
15c7b09fde87ff4c25709229e8d86e9f,1,0,0,0,0,0,0,0,0,0
11bbcf09e384758384ba86083aad9376,0,0,0,0,0,0,0,0,0,0
b04a3628d854f576def17f4b6f83b951,1,0,0,0,0,0,0,0,0,0
8d4ca61d5436b206bb6bf79dd195e0dd,1,0,0,0,0,0,0,0,0,0
c06dad74cbde3617f87d79ecdbac59d8,0,0,0,0,0,0,0,0,0,0
44c58083b84c843b152ca7edba07f4d0,0,0,0,0,0,0,0,0,0,0
408a9772bcd472026f5a2af099fe39ac,0,0,0,0,0,0,0,0,0,0
f0049b599a093af989ba15744008343e,0,0,0,0,0,0,0,0,0,0
4a8ad8abdf7a15686fc1e8827aaf81c6,0,0,0,0,0,0,0,0,0,0
e365fc620ffdc25af2c43e3ce84909da,0,0,0,0,0,0,0,0,0,0
275527cebf9497b1dd3ff7cdddf8bba4,0,0,0,0,0,0,0,0,0,0
c419debfa371679d1c8f644efcf33620,1,0,0,0,0,0,0,0,0,0
d0ac6a46adc8d03ec481b68d408ec5c1,0,0,0,0,0,0,0,0,0,0
a13c7e57d1fa16acc88c52cc988dc495,1,0,0,0,0,0,0,0,0,0
6e15a796e67f49d461c272a239b2f8c1,0,0,0,0,0,0,0,0,0,0
3d785ae7e0626b359cf96138d1ad01d0,0,0,0,0,0,0,0,0,0,0
c41d52d68e8048d58344856a141a80aa,1,0,0,0,0,0,0,0,0,0
17272b14978f10ec7183fc4d41a8e2aa,1,0,0,0,0,0,0,0,0,0
7c4200c10e1c54bbf609cde91c975168,0,0,0,0,0,0,0,0,0,0
c73fa27f9ce017c02dd2e11d0ba91ff4,1,0,0,0,0,0,0,0,0,0
b6183a4674a66e7161f71b7886ad23c5,1,0,0,0,0,0,0,0,0,0
dc498839242fbbe2a85394a543657f04,1,0,0,0,0,0,0,0,0,0
bd1e5b72a7af197ed11f600a72cf88de,0,0,0,0,0,0,0,0,0,0
4fffadca66a6ad694363e5362aa13866,0,0,0,0,0,0,0,0,0,0
e75851a5d6b4c2c709655a946bfd0db2,0,0,0,0,0,0,0,0,0,0
99824c218b80386fb9737b0b38c68a0e,1,0,0,0,0,0,0,0,0,0
6f0a4b3a110b5684bb76f5afbcb83195,1,0,0,0,0,0,0,0,0,0
b8be08b836382e0d0b7ce2500d5b471d,0,0,0,0,0,0,0,0,0,0
a1418810954bc091f1164ec2a4be6ace,0,0,0,0,0,0,0,0,0,0
42efe5449dcc091bfa8d264aa628f095,1,0,0,0,0,0,0,0,0,0
682949291e7370399d7f2bf3de0554df,0,0,0,0,0,0,0,0,0,0
a170464145899268b5142fd725e7161b,0,0,0,0,0,0,0,0,0,0
bc24699748e89fb76044340d892a7873,0,0,0,0,0,0,0,0,0,0
a29571389af834c5e3db3618ac949cee,0,0,0,0,0,0,0,0,0,0
f40afd3fefac7bcb1b05c424d48579a7,1,0,0,0,0,0,0,0,0,0
2f895057b49b82af631136ee5fc9895d,0,0,0,0,0,0,0,0,0,0
812042dceb6a3620ee34415cba096fb0,0,0,0,0,0,0,0,0,0,0
f2b9683eb7bb0e23c29400bbb3bf4df4,1,0,0,0,0,0,0,0,0,0
7a15bd289068291a9f8932102ebd494f,0,0,0,0,0,0,0,0,0,0
070e579dfbb0928cf87687b00e9a7921,0,0,0,0,0,0,0,0,0,0
da70f9fd627a2df45efbbce10c530661,0,0,0,0,0,0,0,0,0,0
98aa72efb901a953b7f27321f3ba8dc2,0,0,0,0,0,0,0,0,0,0
6018a08f5a887bac7eb4baf848b8d02e,1,0,0,0,0,0,0,0,0,0
76a846f8a0240bbbd5dbdb0eac0a01c5,0,0,0,0,0,0,0,0,0,0
3f46cf71f48ef6ca73c7a53b5b091101,0,0,0,0,0,0,0,0,0,0
7655501e221832fb127faf31693068ab,0,0,0,0,0,0,0,0,0,0
5150a00256416bf6b30465144a623e40,0,0,0,0,0,0,0,0,0,0
13371f6fcfda3a0fb88e0d404700725f,0,0,0,0,0,0,0,0,0,0
104f0bb37ed8235a5567542988a0eef4,0,0,0,0,0,0,0,0,0,0
8bccc51179bd6a4072074711617d1abb,0,0,0,0,0,0,0,0,0,0
89808e226752d1bee3ff46a1dea1544a,0,0,0,0,0,0,0,0,0,0
e3f1d67bf34cc0225609a3c3e57c3fd1,0,0,0,0,0,0,0,0,0,0
b0aac14023fd214c10ce8f5656731e9b,1,0,0,0,0,0,0,0,0,0
8759eb3ceb70272c229a51e58d83b4bd,0,0,0,0,0,0,0,0,0,0
4d26bfa92a6c9e846e1d7a0e08fb1c39,0,0,0,0,0,0,0,0,0,0
e35ff142af0bda886bfa941faf169e28,1,0,0,0,0,0,0,0,0,0
4c21e6e8148e98a3d880340c758d9668,0,0,0,0,0,0,0,0,0,0
3b896267c44be97a2fe4897757fd70b0,0,0,0,0,0,0,0,0,0,0
458ff0411154ff2e84102adfeab4c426,1,0,0,0,0,0,0,0,0,0
36b10d4a7e564aa6cddf03d46175c916,0,0,0,0,0,0,0,0,0,0
213ac78de52b1d5b73222a4e647269ac,0,0,0,0,0,0,0,0,0,0
7396c4df9cd89c1b1bbafc7821d87698,0,0,0,0,0,0,0,0,0,0
a9cc5116934c947b30eb5e57df386e26,0,0,0,0,0,0,0,0,0,0
4baae957e144419d5f422d8c061d7d10,0,0,0,0,0,0,0,0,0,0
cf0aad78f48c8a3a67e1e476e6ab8df7,1,0,0,0,0,0,0,0,0,0
4af4c7be0ccdbb664018b109b1517ea9,0,0,0,0,0,0,0,0,0,0
6714055755646611391fa8326c72a35d,0,0,0,0,0,0,0,0,0,0
bd6213de4ba421e2b5b757bb0c1e359d,0,0,0,0,0,0,0,0,0,0
3de6816c38a28c6a49a5c4a3847f5e16,1,0,0,0,0,0,0,0,0,0
567b672766cad00aa66234ac73541416,0,0,0,0,0,0,0,0,0,0
24d500e6bb35ad74aabe2a925db0d7d8,0,0,0,0,0,0,0,0,0,0
e59ed76338ec32c14922bf858d3dd5fc,0,0,0,0,0,0,0,0,0,0
232e2875e6043c78541ba9f517f4eb4e,0,0,0,0,0,0,0,0,0,0
5f0839995f42647500c00172ccb218c0,0,0,0,0,0,0,0,0,0,0
7074e9cce1838b560f9504f60e5dcdf5,0,0,0,0,0,0,0,0,0,0
ece94fd8c449a7175c8f4cd108c84ec8,0,0,0,0,0,0,0,0,0,0
f969c790a5d4d5c5d402123b12a40d88,0,0,0,0,0,0,0,0,0,0
0cb6ae6c3b6734c9b6607b04dc465c48,0,0,0,0,0,0,0,0,0,0
d5150c92d22193b59dc0c83cbb979fd7,0,0,0,0,0,0,0,0,0,0
e7f04af95913082f10994f9b496e98a4,0,0,0,0,0,0,0,0,0,0
39494e3af26ac04b6571d6114dbb3f84,0,0,0,0,0,0,0,0,0,0
7292adb8d9ce813fd36e7687738e3de2,0,0,0,0,0,0,0,0,0,0
4e8ba79cce0f0e6dd028949c17072d38,0,0,0,0,0,0,0,0,0,0
7ad48449b789a2e5b2af6df909aa06de,1,0,0,0,0,0,0,0,0,0
1ace4789a1fed6463552756539eeb658,0,0,0,0,0,0,0,0,0,0
133aefc4f4e851bf0a66685b388461e0,0,0,0,0,0,0,0,0,0,0
6876866d90fd59ca5fa0e6f41ffa67e7,0,0,0,0,0,0,0,0,0,0
dcf00afbf43dcb756383e3279e70055a,0,0,0,0,0,0,0,0,0,0
46d606e328e5569c4c9e027c31fe99ea,0,0,0,0,0,0,0,0,0,0
830740df1b1fd50b121e89e702156a95,1,0,0,0,0,0,0,0,0,0
3e89ec3648ce7b2cbb10ffede3e77449,0,0,0,0,0,0,0,0,0,0
fecf36e77b56a894f82aadceda5b6399,1,0,0,0,0,0,0,0,0,0
920ec53e51a9724286fc749adc496cfc,0,0,0,0,0,0,0,0,0,0
9b1500746642e2f3c28c01e085c3130c,0,0,0,0,0,0,0,0,0,0
7e15db6fbdac537bcc3fd8b18ef81027,1,0,0,0,0,0,0,0,0,0
189fc32c2d956ef31008eedfe9a880a0,0,0,0,0,0,0,0,0,0,0
ed0584ca28955adfa4f8ad1f340b4b4b,0,0,0,0,0,0,0,0,0,0
5013c5070384de60c0e95b1810f0c5eb,0,0,0,0,0,0,0,0,0,0
ab073164676011e7a4773e4f9dfcc8f2,0,0,0,0,0,0,0,0,0,0
8b5dde29396ffa088633f8c262bb6309,0,0,0,0,0,0,0,0,0,0
3bfca29f0682cbe9660531f3054fa25b,0,0,0,0,0,0,0,0,0,0
3e742f9dda9aa835661cdd0bb0b9c04c,0,0,0,0,0,0,0,0,0,0
ca577c0f1d765ba58726af1d9895cf3c,1,0,0,0,0,0,0,0,0,0
2875fe0a098b5e5ae7c8eb2f73651ff5,1,0,0,0,0,0,0,0,0,0
7822f8a315085f57c6c20a8d0ce6ff19,0,0,0,0,0,0,0,0,0,0
8c561fecee00436112bdcae5c08b3548,0,0,0,0,0,0,0,0,0,0
2bcb11f8da4cb197ceabe27ebb71ccef,0,0,0,0,0,0,0,0,0,0
15804183f73c4c7e1d0a6dccc2760aa0,0,0,0,0,0,0,0,0,0,0
f9f3d002e97198d1e22d9503f64e6ef0,0,0,0,0,0,0,0,0,0,0
fc57a5e1ff7d5d07370c4a56f08365a6,0,0,0,0,0,0,0,0,0,0
8d7b4fa64f6cb6099fd382789095795e,0,0,0,0,0,0,0,0,0,0
156fc36e6b8f1690a122490f92850a9b,0,0,0,0,0,0,0,0,0,0
c59584b868fdd80450ebed89a7b9e675,0,0,0,0,0,0,0,0,0,0
4d2898df6a73eb50fcdee04517c6f4d9,0,0,0,0,0,0,0,0,0,0
1dd873d489f631b58ac42e2782a6adce,0,0,0,0,0,0,0,0,0,0
7659ad29230d62398ff513f1850a4118,0,0,0,0,0,0,0,0,0,0
8372aa42ea0ab6ba3902779e207fe299,1,0,0,0,0,0,0,0,0,0
a5f04d41762c71456886d3e25214e51e,0,0,0,0,0,0,0,0,0,0
a4315e02b5935fa4c9a313e71d442de8,0,0,0,0,0,0,0,0,0,0
f3b13595a8546e23895d9af4c4d742ae,1,0,0,0,0,0,0,0,0,0
88ed40d3458369fd2b89e060275f4e99,0,0,0,0,0,0,0,0,0,0
12fbb734b83f3ac481e48bb4c986d35e,0,0,0,0,0,0,0,0,0,0
c411304388a83b292eb132ed7767ae4b,1,0,0,0,0,0,0,0,0,0
2c4b91cc4be3826201e30804297a6566,0,0,0,0,0,0,0,0,0,0
7990b1772aa525c3ab47a288113924ba,0,0,0,0,0,0,0,0,0,0
9bb556f3ceff43ca553687f9277dd2de,0,0,0,0,0,0,0,0,0,0
4bb10d38e29a22ccaf28dc1d22caf799,0,0,0,0,0,0,0,0,0,0
c167f847e093b1b7947ca182fc7fe2d2,0,0,0,0,0,0,0,0,0,0
4021803b24cf952ad79a32c8c5226c35,0,0,0,0,0,0,0,0,0,0
b032874b8a340a40ca49017ce15eb066,1,0,0,0,0,0,0,0,0,0
94daf252f5d1002a2b19f7b584f8a974,0,0,0,0,0,0,0,0,0,0
3c8cfb35514d69407a6527d5bf590a68,0,0,0,0,0,0,0,0,0,0
5fe73d9c557aac78b6ede1e2bb107834,0,0,0,0,0,0,0,0,0,0
d76d23c9efb7be046e070aad11980ae3,0,0,0,0,0,0,0,0,0,0
30a36fe521c008084c76da54eb8afe07,0,0,0,0,0,0,0,0,0,0
63fdaebfe3c61aff1bddc41a5f305676,0,0,0,0,0,0,0,0,0,0
168c5801595d4c0592a76a52a2638e0e,0,0,0,0,0,0,0,0,0,0
a3e72e73faafea1b428744fcdac78d94,0,0,0,0,0,0,0,0,0,0
96f7ddf754c166c18c3c2bea1a1fe344,1,0,0,0,0,0,0,0,0,0
2c8ab8695e13d6b8e7199c1b14c44960,1,0,0,0,0,0,0,0,0,0
652686c608ec7ca2db6321d1dce79846,0,0,0,0,0,0,0,0,0,0
01a8f206b8a8d4ad2fd3fd8f03f70ec5,0,0,0,0,0,0,0,0,0,0
9c07aed69d1a4a18cc27789d39b944ae,0,0,0,0,0,0,0,0,0,0
90167a28f2218d3775ed3b252657f3a5,1,0,0,0,0,0,0,0,0,0
e21708560a41c4e69248853021afb37f,0,0,0,0,0,0,0,0,0,0
7f40a8297602868af3960799606b01ce,0,0,0,0,0,0,0,0,0,0
781b4b91aaecaaaadc3393ec8a0860b1,0,0,0,0,0,0,0,0,0,0
f4723f51bbcf3caa930b896548b9c00d,0,0,0,0,0,0,0,0,0,0
b0ca80c76a0d5c890088ec14a1bfda4e,1,0,0,0,0,0,0,0,0,0
550dc9babd913742cecfdd3400ec2480,1,0,0,0,0,0,0,0,0,0
da6a53e2049f649826b26a59b06ea16e,1,0,0,0,0,0,0,0,0,0
7ffc55c7c522b9a8cbed3750ff47218e,0,0,0,0,0,0,0,0,0,0
a2188a5dd60810a4a88026fc0e5451a4,0,0,0,0,0,0,0,0,0,0
e7ee069717c1f8885efd8bb78dbda66e,0,0,0,0,0,0,0,0,0,0
d775ad574408923f54eaf91ab5876bac,0,0,0,0,0,0,0,0,0,0
3b5ca8601bfd539269afb2a33789ad68,0,0,0,0,0,0,0,0,0,0
a63c47b8aab1e40492cf6dd521957a74,1,0,0,0,0,0,0,0,0,0
0ea0295a3a95fb2863442c4b18252bd8,0,0,0,0,0,0,0,0,0,0
ec6b9b255a5963c51866349f95d26ea8,0,0,0,0,0,0,0,0,0,0
5b1ce644f7a449a5b1c87cb0039f4ebb,0,0,0,0,0,0,0,0,0,0
6e5827590a4e4b190d2d322aca517def,0,0,0,0,0,0,0,0,0,0
810355a7c028380b9908596702cbe8ce,0,0,0,0,0,0,0,0,0,0
924e3b2e10ccc445909ddf73b0ed1dee,1,0,0,0,0,0,0,0,0,0
8ff67ca880d5a3de7597778a2373db02,0,0,0,0,0,0,0,0,0,0
cf7b258dc649a0b4df1aa8ff416ff977,1,0,0,0,0,0,0,0,0,0
ecfe4459532b6da306212bdd5108f72c,0,0,0,0,0,0,0,0,0,0
4bdbef3760c7ba1d90d40bab480ab421,0,0,0,0,0,0,0,0,0,0
82916db237361af327ded0dd136ef504,0,0,0,0,0,0,0,0,0,0
8a996d702707350b1958ac942653f99d,0,0,0,0,0,0,0,0,0,0
0b9bae8c156e39c97860eae7a7481d84,1,0,0,0,0,0,0,0,0,0
7a3d32f14c635dbccb9a869664b4463c,0,0,0,0,0,0,0,0,0,0
82350e130f66b632da7f0603d699ba5d,1,0,0,0,0,0,0,0,0,0
7a8a16a3a4c33c2e3da6e20d6439a1e1,1,0,0,0,0,0,0,0,0,0
a989132d6873a70fcf3f90062f34dd07,0,0,0,0,0,0,0,0,0,0
46e9cd9a0f01b23e6fde68e0403611f2,1,0,0,0,0,0,0,0,0,0
9a2ebf4fb70e71b0babc3d91533e5ff7,1,0,0,0,0,0,0,0,0,0
77f72498629ed28ec71f29e12930c095,1,0,0,0,0,0,0,0,0,0
4a5f293ebc9629b609b7a3450a56b637,1,0,0,0,0,0,0,0,0,0
11aca172784c464d9fd5c88f698ac350,0,0,0,0,0,0,0,0,0,0
05a003ac70180ed550cad30aee1c1826,1,0,0,0,0,0,0,0,0,0
6ae97906aa92e45839ee0079c65241f3,0,0,0,0,0,0,0,0,0,0
6e4b3ed000f12e010bb6cd71ea221ccc,0,0,0,0,0,0,0,0,0,0
bf37c4c55b5124bc418efd7418d249f0,1,0,0,0,0,0,0,0,0,0
fe8a32ad306e8ec0a206214fb3e59780,0,0,0,0,0,0,0,0,0,0
c319c9d07786ccad13bb3b2ff947583d,0,0,0,0,0,0,0,0,0,0
09d9fb10fea1891a5e3a58df71e34a01,0,0,0,0,0,0,0,0,0,0
57c45eb3bd77499461a073dacd606f36,1,0,0,0,0,0,0,0,0,0
82f07116ae65b2cfbb79bb9b0b985a56,1,0,0,0,0,0,0,0,0,0
8be5382566d8f7b517fbb10c4161ceea,0,0,0,0,0,0,0,0,0,0
039204deeed2612d8cec03eb9be3d5ac,0,0,0,0,0,0,0,0,0,0
1eb0caa5ff79f53a933d523a7b1a1e68,0,0,0,0,0,0,0,0,0,0
62698b36004b272aaae495f90b7d6eae,0,0,0,0,0,0,0,0,0,0
f20d964d6fee201fd60a6a2814f0547d,0,0,0,0,0,0,0,0,0,0
d5c94492d06c76d5dc539bc0fe82144e,1,0,0,0,0,0,0,0,0,0
1f9bf5bc7de330d8b76d15e80d4b606a,0,0,0,0,0,0,0,0,0,0
bb17a0093e9958e1cc4b668f9ca97514,0,0,0,0,0,0,0,0,0,0
9bd06932291dd60f23e061081c125389,0,0,0,0,0,0,0,0,0,0
e131f0a499e39139c999ae641a9c7792,0,0,0,0,0,0,0,0,0,0
fd99f97e9af292017a88847128fef39a,1,0,0,0,0,0,0,0,0,0
db25582e3ba2b757a5c90b23c3a7c4e8,0,0,0,0,0,0,0,0,0,0
4db17c016d7caf4387984599ed87e9cc,0,0,0,0,0,0,0,0,0,0
66965f9dc5381d8a259b261adf2ef237,1,0,0,0,0,0,0,0,0,0
a25eaf6c167062c2d664cebccee1c0c6,1,0,0,0,0,0,0,0,0,0
e710c808e54ef6263a3f9083f3ca26c0,1,0,0,0,0,0,0,0,0,0
aeeca1fdbcfbbacf4633a57e059b015b,1,0,0,0,0,0,0,0,0,0
af23f64f2837b1a629f6c7903507ad68,0,0,0,0,0,0,0,0,0,0
a746e2a46be20c1d5e59690711f8fc36,0,0,0,0,0,0,0,0,0,0
a759496b217f1abe32af56ce4cb9a50b,0,0,0,0,0,0,0,0,0,0
7ea301a7e28fa31c13af90f452ff115a,1,0,0,0,0,0,0,0,0,0
a585aed1d17923cb015a215108ba39ac,1,0,0,0,0,0,0,0,0,0
c5ce66e5880e5bda265bdf93091eadb3,1,0,0,0,0,0,0,0,0,0
4f085887b8c5b4b4a258a1000f470109,0,0,0,0,0,0,0,0,0,0
2ded699ba83f6c6d414c19375997ff31,0,0,0,0,0,0,0,0,0,0
feaa8e721d32ac82efbd38273bf55785,0,0,0,0,0,0,0,0,0,0
15f0f5d0a9c293644706e36c2e3e79cb,0,0,0,0,0,0,0,0,0,0
89e386ed3abff0a8879bbde00c44d541,1,0,0,0,0,0,0,0,0,0
ddc115d4b7c2a77bbde96cb31c5a27c1,0,0,0,0,0,0,0,0,0,0
caece3633abbe2b86f4202e608c3be36,1,0,0,0,0,0,0,0,0,0
1845d80140a52e9de0820449f2585dd2,0,0,0,0,0,0,0,0,0,0
346e9d22d6b2becbfca88f08d439a397,0,0,0,0,0,0,0,0,0,0
36b36281e0a1e04cc07c4a1e50a528f7,1,0,0,0,0,0,0,0,0,0
0afa93cb250f9661bf341fbd139b1185,0,0,0,0,0,0,0,0,0,0
a7d2a49eb1d4345a3b465f92a9d2d5ba,1,0,0,0,0,0,0,0,0,0
06fe728bc19e2352958e926030efa89e,0,0,0,0,0,0,0,0,0,0
9609f6fd8f12d467bfe477957f659abc,1,0,0,0,0,0,0,0,0,0
889466336997b9c74eb1bed8a69ddeb5,0,0,0,0,0,0,0,0,0,0
5127222b1f84a1ede88ab73cf21531c1,1,0,0,0,0,0,0,0,0,0
5acc416fa54b98d4317af341a9cb3a91,0,0,0,0,0,0,0,0,0,0
363f0555adae6e7ccbb9c5315f6ef074,1,0,0,0,0,0,0,0,0,0
d1df77ba475361b154d3cfa2669ff0fc,1,0,0,0,0,0,0,0,0,0
d150edb6c2ccbf96757e5063f6305026,0,0,0,0,0,0,0,0,0,0
939379d8ebfd82074e9c18b270679079,0,0,0,0,0,0,0,0,0,0
e3c01148d63bfec52aaa64f137e02d6f,1,0,0,0,0,0,0,0,0,0
63d5dd30b9506a4d44ce4ce7f00cb44b,0,0,0,0,0,0,0,0,0,0
9508bd0f5c2061bb96d8f0fe7d1cc3df,0,0,0,0,0,0,0,0,0,0
4201e49f5a84248fc8a5b3c429c2a1af,0,0,0,0,0,0,0,0,0,0
475aeb7e13a95a1c3e93f785f8a56932,1,0,0,0,0,0,0,0,0,0
8e5d982905292b9136395bd1f9de313e,0,0,0,0,0,0,0,0,0,0
dd7e2ed707cde6a3c855d75e4caf94e4,0,0,0,0,0,0,0,0,0,0
02ee0441682fa5ce7f0bf91b3bede6a4,0,0,0,0,0,0,0,0,0,0
3ced00071e15e365518791c9615591cd,1,0,0,0,0,0,0,0,0,0
e790aa6364c6524b899deaa068ee25c1,1,0,0,0,0,0,0,0,0,0
d8f1c6f2d5f7cef31d80bf62f1702376,1,0,0,0,0,0,0,0,0,0
4019944aaa95ea852ca378a5586faf9a,0,0,0,0,0,0,0,0,0,0
247b1cdf6739b7f047ee143b701f5418,1,0,0,0,0,0,0,0,0,0
d0fd1c264205b0fddc791f86de3cde7f,0,0,0,0,0,0,0,0,0,0
ebf68a9d9728eba5c20c01dd7e61c098,1,0,0,0,0,0,0,0,0,0
f55a44a044c8cacbcdf2c8e66f396509,1,0,0,0,0,0,0,0,0,0
8ce64300a5fc4443d3b3acd6885af5ba,0,0,0,0,0,0,0,0,0,0
ef18d8b8fdf63022efa4bafb43afbdab,1,0,0,0,0,0,0,0,0,0
4b219ca3cdc073d64751e2140c27dbca,0,0,0,0,0,0,0,0,0,0
49710ae4e816cb4c6723743f6a554e66,0,0,0,0,0,0,0,0,0,0
4b30d231714d6fea2d93b281095f8cd5,0,0,0,0,0,0,0,0,0,0
993b7f81b08d1428254b596a8c620016,0,0,0,0,0,0,0,0,0,0
f99b0f4f8296f05aa909118aea0fcb6e,0,0,0,0,0,0,0,0,0,0
7a64289fb66092fe1c8f2b072f75db9a,0,0,0,0,0,0,0,0,0,0
84e39141cd356c3e782cc12a99eaf28a,0,0,0,0,0,0,0,0,0,0
1175ad3ce91bd4ef1b25ab52b6134707,0,0,0,0,0,0,0,0,0,0
20b8df51247bc0a0e6ee48ec1845b5a1,0,0,0,0,0,0,0,0,0,0
5ed7a351b37a1f783a692e7711c97fa2,0,0,0,0,0,0,0,0,0,0
ae25d8db7078f0326a84d9d81d9c5717,1,0,0,0,0,0,0,0,0,0
cca90b840459f9d295c9528f026aedfc,0,0,0,0,0,0,0,0,0,0
c97bb9861e46996ab10094424bde1d81,0,0,0,0,0,0,0,0,0,0
128276820c8c0ab59833175062042fde,1,0,0,0,0,0,0,0,0,0
b0ed6a87bfe3f7d8df5db0e3783c8ded,0,0,0,0,0,0,0,0,0,0
ef28310f7be928789d33bae92bd843c5,1,0,0,0,0,0,0,0,0,0
d74d4c709efae8facad5a1cc26543ef2,0,0,0,0,0,0,0,0,0,0
4bb106fb0ac2255a5f7dc99a61d31109,0,0,0,0,0,0,0,0,0,0
9028c4ec32cf33b3d7081532833ba40f,0,0,0,0,0,0,0,0,0,0
745d5e6495ba738ec453cd8b4f66fc69,0,0,0,0,0,0,0,0,0,0
47e84da9506ce216ffa8f7e6a8c64037,0,0,0,0,0,0,0,0,0,0
36af7f1d3af5a203d51030f484a34753,0,0,0,0,0,0,0,0,0,0
bfefe4003cddd929bd86d180e451e732,0,0,0,0,0,0,0,0,0,0
1f64671037738fde256290124afa3ce4,1,0,0,0,0,0,0,0,0,0
2e18891fd2f425d8a752f9765c0ff598,0,0,0,0,0,0,0,0,0,0
f7d58a0de230d767f41c0dc7e1d437ac,1,0,0,0,0,0,0,0,0,0
0e77d524393ec9fa869420efaea92a4e,0,0,0,0,0,0,0,0,0,0
595f6c75a474df0bf0b0c9e6f13ebab7,0,0,0,0,0,0,0,0,0,0
d2a7a7df577a3b1b8baded8855c1b597,1,0,0,0,0,0,0,0,0,0
d3cba8456e0816538e204ea74a41de99,1,0,0,0,0,0,0,0,0,0
f7252d9c5dc3476937b319adf6a292a1,0,0,0,0,0,0,0,0,0,0
41079b5a54d33b25dd3589b67a44d493,0,0,0,0,0,0,0,0,0,0
9fbbfb86817c855c465379cc9168a0b8,1,0,0,0,0,0,0,0,0,0
39968c382922c919505ac243f2e65dbb,0,0,0,0,0,0,0,0,0,0
cf3d4a62e98f5dec4d263d3274d3268a,1,0,0,0,0,0,0,0,0,0
da6b036cb10a649cde77e28c5fbf7ccf,0,0,0,0,0,0,0,0,0,0
f496e8d5fadb72ab0a4e7f9475c826a3,0,0,0,0,0,0,0,0,0,0
70aba84981c52bbc3c9bb6dde5a2b5bb,0,0,0,0,0,0,0,0,0,0
4f9fe264fdc7eae979762b342d605f93,0,0,0,0,0,0,0,0,0,0
0dea312ad4b04180f48247a9a9ab83df,0,0,0,0,0,0,0,0,0,0
19639693abc81de17442b5bc2f32d291,0,0,0,0,0,0,0,0,0,0
63992c077fda3c7f58a757a0fd26dccc,0,0,0,0,0,0,0,0,0,0
914c2517cd9700cd219ada41d548e1fc,1,0,0,0,0,0,0,0,0,0
893c6ea4518839a4473b4986766db2b8,0,0,0,0,0,0,0,0,0,0
83dbed8ce361bc7f871867f9af62150d,0,0,0,0,0,0,0,0,0,0
c124f5f08d7431d62130a82b76dff89d,0,0,0,0,0,0,0,0,0,0
c8cbf4f07968e581f8f447b2a2c28e7b,0,0,0,0,0,0,0,0,0,0
266b37b9c7a420bcbbb0bae598b12acb,0,0,0,0,0,0,0,0,0,0
22dec759b9ff15aaae33c4341a363f28,0,0,0,0,0,0,0,0,0,0
7290b74bc2e49075508adc65be008112,0,0,0,0,0,0,0,0,0,0
70de90037c181068af94204d25bb95ca,0,0,0,0,0,0,0,0,0,0
a7e4b0b5625d1b9c3141bae27c9859b8,1,0,0,0,0,0,0,0,0,0
05d427196fdd78746f35bd4be005f118,0,0,0,0,0,0,0,0,0,0
5060fb699df2243a31ad4202d46bf609,0,0,0,0,0,0,0,0,0,0
629061bc07ee6c76acbdf81afaa78bee,1,0,0,0,0,0,0,0,0,0
5654a323c68acdf35c753ba8e380cc60,0,0,0,0,0,0,0,0,0,0
99bf576e55920cc6f06fabad5b1ddeb8,0,0,0,0,0,0,0,0,0,0
28c1357a468e4ef0841306eb4fd0f441,0,0,0,0,0,0,0,0,0,0
b266a7c793474c8a26ac062b87f92eab,0,0,0,0,0,0,0,0,0,0
26f8be1c92078220de7f8c9de26398b3,0,0,0,0,0,0,0,0,0,0
db53ebe8f79de7de86d4abed8d1c838f,0,0,0,0,0,0,0,0,0,0
afd7fd6e85cbe1d382caa09011a48f3f,0,0,0,0,0,0,0,0,0,0
474df9461fb90b735097949641cb94ca,0,0,0,0,0,0,0,0,0,0
cebb42a5ea944d0bfe6ac60f8ced513f,1,0,0,0,0,0,0,0,0,0
9aff273e0c5e80ec8edd05d64dbc4656,0,0,0,0,0,0,0,0,0,0
61ab63056c3fcb5f184721edd87c0dff,0,0,0,0,0,0,0,0,0,0
a1a33f93cbbb14226665dc3cf88b7572,0,0,0,0,0,0,0,0,0,0
6c73e4e3f8c5f7852781a0f8779c3bb7,1,0,0,0,0,0,0,0,0,0
60d71b649e000c57f3c5121227b77c82,1,0,0,0,0,0,0,0,0,0
1bc6fe7dfbdaeebba03e846152507e7a,0,0,0,0,0,0,0,0,0,0
44fc11010c22e7ba1c2a16b04e71b072,0,0,0,0,0,0,0,0,0,0
d0307253f72355489469449793f2537a,0,0,0,0,0,0,0,0,0,0
08b942799b942be102d17f6b72a76167,1,0,0,0,0,0,0,0,0,0
45b9d04500a28204c14979c1ab5c6109,1,0,0,0,0,0,0,0,0,0
b5df1f498ad832b3c2558a4d0669e1b7,0,0,0,0,0,0,0,0,0,0
82f3d04ffed159dacf129cf197036ce8,0,0,0,0,0,0,0,0,0,0
649af40c5b40dd7f8d2df0a2344d9034,0,0,0,0,0,0,0,0,0,0
43c8a1042c707ad22d199f162fd3f053,0,0,0,0,0,0,0,0,0,0
6b20579c65a668e183a8b5f643b3e8a3,0,0,0,0,0,0,0,0,0,0
fffd8cc0b8262906f9cf0094243fb02e,0,0,0,0,0,0,0,0,0,0
6ece64951dafab2a9629180884b012c0,0,0,0,0,0,0,0,0,0,0
4877e2f7dadffda792371279420fcf4d,1,0,0,0,0,0,0,0,0,0
cc828feae5545c0ad5749f525ce1c2a2,0,0,0,0,0,0,0,0,0,0
8bf7ed7c21c1656d9a8f6662ae15c78d,1,0,0,0,0,0,0,0,0,0
734aa600d951e36e39d4f94248676ab2,0,0,0,0,0,0,0,0,0,0
c172863d17f277b705cbf6720069f756,0,0,0,0,0,0,0,0,0,0
75df5b0e988c3570ca8b16f51a5af447,0,0,0,0,0,0,0,0,0,0
7c87059cd0be68164be88f79ca2aa411,0,0,0,0,0,0,0,0,0,0
34a85b58d9dced4dbba67cafd562533f,0,0,0,0,0,0,0,0,0,0
719007cfbebc3073a8af380758ece116,0,0,0,0,0,0,0,0,0,0
4987b286e30390f922e3c89ce5ba0ca7,0,0,0,0,0,0,0,0,0,0
949b86f26eab1ef14b4ea3b2065a3473,1,0,0,0,0,0,0,0,0,0
3977b3894efec88035adacf3b63382b4,0,0,0,0,0,0,0,0,0,0
137b1dc5533b87fbf343fda96a48374c,0,0,0,0,0,0,0,0,0,0
381f08870b45b2ab7731dfdcdf938206,0,0,0,0,0,0,0,0,0,0
38b97a70b19344066e6864e68d326d89,1,0,0,0,0,0,0,0,0,0
d60ec58f0a89005f2905c62603bda99a,1,0,0,0,0,0,0,0,0,0
ea2c99b932523910c5a1773c40e48fe6,0,0,0,0,0,0,0,0,0,0
2ec4b4cb419faeaeedca0c70ce72e761,0,0,0,0,0,0,0,0,0,0
63e58770880a543915b66319d086e8b5,1,0,0,0,0,0,0,0,0,0
b706d5ae1c4c4f5a607d61a95f6bd0a8,0,0,0,0,0,0,0,0,0,0
f044d3334e676d85cbf2d524c7ee4b97,1,0,0,0,0,0,0,0,0,0
b7c50dbb90de3a137e361c251ae9f834,0,0,0,0,0,0,0,0,0,0
0159c822c3534814c305794c27890468,0,0,0,0,0,0,0,0,0,0
8e3bba5f2ea6defd94656632350a61e4,1,0,0,0,0,0,0,0,0,0
0d4de131c1e985c11824b47cb8944e42,0,0,0,0,0,0,0,0,0,0
9620d3dd5e71af9afaffc8239b01fc8f,0,0,0,0,0,0,0,0,0,0
77ee44350a6149b5da87c86a5c2a4d71,1,0,0,0,0,0,0,0,0,0
4ea0ce601a4f85e1b85fb1ffb42deb96,0,0,0,0,0,0,0,0,0,0
31d0a0874d5faaeb58db022b9954898a,1,0,0,0,0,0,0,0,0,0
98604b2718647501f07972e9112d8af4,0,0,0,0,0,0,0,0,0,0
6500dac0072f836cd4c2256e69ef2bed,0,0,0,0,0,0,0,0,0,0
c64a9b04fd91c701e96f9a125ddea7c9,1,0,0,0,0,0,0,0,0,0
a3ce6e5e3d5d0cd84cb3af44b34b3c60,0,0,0,0,0,0,0,0,0,0
f4ed1381179dffe10df71f8a9265eadf,0,0,0,0,0,0,0,0,0,0
3ad8ca0d65457183607db655ec5515fc,1,0,0,0,0,0,0,0,0,0
012b77d1fa64612af6fef88f508da29f,0,0,0,0,0,0,0,0,0,0
eab710e1913e6d01b201535cc987a224,1,0,0,0,0,0,0,0,0,0
cf971d0b5b95960356fe47e96e281f42,0,0,0,0,0,0,0,0,0,0
18731bf4901e60907f304ae330903785,0,0,0,0,0,0,0,0,0,0
8091742e24d2a27c9ce511f66d83747e,0,0,0,0,0,0,0,0,0,0
ad32d63f634422902e7c4c39b9aecdfe,0,0,0,0,0,0,0,0,0,0
6f457f194440242a7f3e1d358483b09b,0,0,0,0,0,0,0,0,0,0
668a31c1379246b2b11c4ce5861b6357,1,0,0,0,0,0,0,0,0,0
6fe1e693bfa68d5712c8076451fa5951,1,0,0,0,0,0,0,0,0,0
38a5ae442011721f467906020704c564,0,0,0,0,0,0,0,0,0,0
35d1ae579ffe1ff235725a8ada62fae0,0,0,0,0,0,0,0,0,0,0
eebbd1de0bd005402b5dde75513c45f6,1,0,0,0,0,0,0,0,0,0
1512c703a2926d6c8eb14aef79821976,0,0,0,0,0,0,0,0,0,0
eee82aa71813ad5e213bdc4371c3506f,0,0,0,0,0,0,0,0,0,0
8375f4edbd4f03358c710ee34a01770b,1,0,0,0,0,0,0,0,0,0
de0d419085299cf07c55c123c7e4cf7c,0,0,0,0,0,0,0,0,0,0
e6a4e0115f3c5ebe3b97da0efa5b6c9c,1,0,0,0,0,0,0,0,0,0
f47037af209b1b14aeebf271feb6ce20,0,0,0,0,0,0,0,0,0,0
d0ba4c8c744485b662496416ee53d08b,0,0,0,0,0,0,0,0,0,0
692d2780ae531b99587abdc4153cea91,0,0,0,0,0,0,0,0,0,0
7e691e0f3bf1ded0097341c0976dc87c,0,0,0,0,0,0,0,0,0,0
bdd9b381485f039658a9bc10e267ad20,0,0,0,0,0,0,0,0,0,0
cfbb1e31b237419908f29ab09a2bc4b6,0,0,0,0,0,0,0,0,0,0
8ec93afa609fb9f50c59a5fe3492c75a,0,0,0,0,0,0,0,0,0,0
f8db3d413fec61365d40f3c8d3005633,0,0,0,0,0,0,0,0,0,0
88421dd04b6e54a38330d8a7bdced17e,0,0,0,0,0,0,0,0,0,0
175c443da7637ba3b53053561531a69e,0,0,0,0,0,0,0,0,0,0
2df89f7e533e77cd9151f555196fc726,0,0,0,0,0,0,0,0,0,0
6d8fdfec2d8d906af77ef9348826ded5,0,0,0,0,0,0,0,0,0,0
9771fd04b2f53e344bbe3e9d57f4d2a5,1,0,0,0,0,0,0,0,0,0
188b738535499d2d49da9a27e26e715d,0,0,0,0,0,0,0,0,0,0
a59f8a1c156d3208c10523b405773f2a,0,0,0,0,0,0,0,0,0,0
aba70e2dfd0272b89d73643769fd3798,0,0,0,0,0,0,0,0,0,0
b887335703fb4e49c20e8a9d411e0e44,0,0,0,0,0,0,0,0,0,0
886d5f79bdb6e8adacafc1cc518304bf,1,0,0,0,0,0,0,0,0,0
a0edb3f7fccb7ab496d5d81696806533,0,0,0,0,0,0,0,0,0,0
04260850c2b912fffccfdf966c6d5be8,1,0,0,0,0,0,0,0,0,0
49a5e5d19298b393cd12fda2cb9f35a8,0,0,0,0,0,0,0,0,0,0
f1912431eb332e08b5a85b7acab675a6,0,0,0,0,0,0,0,0,0,0
628633b12b0408bc5db864fe26cee05f,1,0,0,0,0,0,0,0,0,0
19efef66cab39a1dba87b292291afa64,0,0,0,0,0,0,0,0,0,0
ce041db8a29969f4ab760703bc1c67cf,0,0,0,0,0,0,0,0,0,0
cf452d3887ff0671cb3e61d3d817d737,0,0,0,0,0,0,0,0,0,0
5e89d370d960a66fd93a6379340fd394,1,0,0,0,0,0,0,0,0,0
7b36c0f1b4ed31f58dde536efc25cfad,1,0,0,0,0,0,0,0,0,0
de561b3806af24ed5ecebe8a81ed9984,0,0,0,0,0,0,0,0,0,0
d2f8a61545a0929b826ace61e6f52208,1,0,0,0,0,0,0,0,0,0
7b3666e84ed06d8ae80b406c91996427,0,0,0,0,0,0,0,0,0,0
0e4761efae928537e0069102e852d975,1,0,0,0,0,0,0,0,0,0
b0c97bd3e86cfba340096a1611a936fe,0,0,0,0,0,0,0,0,0,0
fe077736a253ec4a4806c623f84404ab,0,0,0,0,0,0,0,0,0,0
d4cb6f5b2e33993978e7c7292cb6638e,1,0,0,0,0,0,0,0,0,0
bf67c31c3dc1e827ccf49d883ce3bbc0,1,0,0,0,0,0,0,0,0,0
70209f077c4d53518ccfcd0a97a86406,0,0,0,0,0,0,0,0,0,0
30f36f4741cfe247d1c569e71d93415f,1,0,0,0,0,0,0,0,0,0
980a03b6d6e414c7b32e3fa0b883b176,0,0,0,0,0,0,0,0,0,0
26ef291a1db4a549e0225295427fe8d1,0,0,0,0,0,0,0,0,0,0
0492b47530c98d3fcd26dd33dc3f9889,0,0,0,0,0,0,0,0,0,0
9103f68060d5284a8083615e93629d96,0,0,0,0,0,0,0,0,0,0
ad6272a0ed4eab09325294bb65a29eb1,0,0,0,0,0,0,0,0,0,0
0ba1a56bedc9564da325d5d04b095dda,1,0,0,0,0,0,0,0,0,0
8acdd6588a8dea836c3f6cea17132bbd,0,0,0,0,0,0,0,0,0,0
01271d3f726e5ffa37cb1e5a63cb46cf,0,0,0,0,0,0,0,0,0,0
69d4401a52cea40d0ef3fc1382679984,0,0,0,0,0,0,0,0,0,0
80aa979dc64aaf479a23db4d7402c720,0,0,0,0,0,0,0,0,0,0
2596839d2345f66c2722d4cfed4eec5e,1,0,0,0,0,0,0,0,0,0
2e238ea2265a79c6e8c47aa4b4458d7e,1,0,0,0,0,0,0,0,0,0
d4d44f5d44f96b5cd7b8c4f937d28db0,0,0,0,0,0,0,0,0,0,0
5249d54436355e974f98dbed02349d5d,1,0,0,0,0,0,0,0,0,0
7e616e70a3c80f30ecebe6fb1f028dec,0,0,0,0,0,0,0,0,0,0
67882c1993900f97520384729aeb9e96,0,0,0,0,0,0,0,0,0,0
aa5104d26e734f968be1a1f14c09c07f,0,0,0,0,0,0,0,0,0,0
1a1e8791945e23036040b2f0182bfcc9,0,0,0,0,0,0,0,0,0,0
4c8c53c8c930fd9003b740e3546e3164,0,0,0,0,0,0,0,0,0,0
430d3dad607fc9aad6cdeeac6425248c,0,0,0,0,0,0,0,0,0,0
8e2890a517758434bb73296643954d28,1,0,0,0,0,0,0,0,0,0
ea84bfd3c197ff573905a6a1e0aad3aa,0,0,0,0,0,0,0,0,0,0
2ea121a615f085c42c640ebb9b3d2184,0,0,0,0,0,0,0,0,0,0
65dac7037f5d9cfbbcea9804ca0228fa,0,0,0,0,0,0,0,0,0,0
a7bd263983d251859bbd7c2464c14c25,0,0,0,0,0,0,0,0,0,0
22dd304af7517a4983badf7362644e6c,0,0,0,0,0,0,0,0,0,0
0aef6c211111272d7254889fc692314e,1,0,0,0,0,0,0,0,0,0
bbc1345212ec699ebe601c0221b070ef,0,0,0,0,0,0,0,0,0,0
8662fef1948bea2ef74ad42a86b9429f,0,0,0,0,0,0,0,0,0,0
f6c62492c17c485f71c4d02eb82fa077,0,0,0,0,0,0,0,0,0,0
e9c876f31584a4f3264263317c81610d,0,0,0,0,0,0,0,0,0,0
58e72e153b767b33fa73f3bec1735760,0,0,0,0,0,0,0,0,0,0
cdb8ca9da6bb4dc0c63586e46f503234,0,0,0,0,0,0,0,0,0,0
ab0e2ea9e14512594f714bc485a94361,1,0,0,0,0,0,0,0,0,0
d2c9f4ddb6dabb91742838a31da15421,0,0,0,0,0,0,0,0,0,0
8b415ed140d67f607dabe900553d80cc,1,0,0,0,0,0,0,0,0,0
